,[Verse 1: John Lennon],[Verse 2: John Lennon],[Refrain: John Lennon],[Bridge: Paul McCartney],title,[Verse 1],[Verse 2],[Bridge],[Verse 2]2,[Chorus],[Chorus]2,[Verse 3],[Chorus]3,[x2],[Intro],[Bridge 1],[Instrumental],[Bridge 2],[Pre-Chorus],[Verse 1: John Lennon]2,[Chorus 1],[Paul McCartney],[Bridge]2,[Verse],[Chorus 2],[Chorus 3],[Verse 4],[Verse 1: Paul McCartney and John Lennon],[Interlude: Paul McCartney],"[Bridge 1: John Lennon, <br/>& McCartney<br/>, <br/>& McCartney and George Harrison<br/>]",[Bridge 2: Paul McCartney],[Instrumental Verse],[Bridge 2: Paul McCartney]2,[Instrumental Break],[Outro],[Guitar Solo],[Instrumental Break 0:23-0:44],[Transition],[Engineer],[Verse 1]2,[Interlude],[Verse 1: Paul McCartney & John Lennon],[Chorus: Paul McCartney & John Lennon],[Verse 2: Paul McCartney & John Lennon],[Chorus: Paul McCartney & John Lennon]2,[Guitar Solo: John Lennon],[Spoken],[Chorus: John Lennon & Paul McCartney],[Verse 1: John Lennon & Paul McCartney],[Chorus: John Lennon & Paul McCartney]2,[Bridge: John Lennon & Paul McCartney & George Harrison],[Chorus: John Lennon & Paul McCartney]3,"[Intro: Paul McCartney, John Lennon, George Harrison]",[Verse 1: Paul McCartney],[Chorus: Paul McCartney],[Verse 2: Paul McCartney]
0,"<br/>I read the news today—oh, boy<br/>About a lucky man who made the grade<br/>And though the news was rather sad<br/>Well, I just had to laugh<br/>I saw the photograph<br/>He blew his mind out in a car<br/>He didn't notice that the lights had changed<br/>A crowd of people stood and stared<br/>They'd seen his face before<br/>Nobody was really sure if he was from the House of Lords<br/>","<br/>I saw a film today, oh boy<br/>The English Army had just won the war<br/>A crowd of people turned away<br/>But I just had to look<br/>Having read the book<br/>",<br/>I'd love to turn you on<br/>,"<br/>*alarm clock rings*<br/>Woke up, fell out of bed<br/>Dragged a comb across my head<br/>Found my way downstairs and drank a cup<br/>And looking up I noticed I was late<br/>Found my coat and grabbed my hat<br/>Made the bus in seconds flat<br/>Found my way upstairs and had a smoke<br/>And somebody spoke and I went into a dream",A Day in the Life,,,,,,,,,,,,,,,,,,,,,,,,,,,,,,,,,,,,,,,,,,,,,,,,,,,
1,,,,,All I’ve Got to Do,"<br/>Whenever I want you around, yeah<br/>All I got to do<br/>Is call you on the phone<br/>And you'll come running home<br/>Yeah, that's all I got to do<br/>","<br/>And when I, I want to kiss you, yeah<br/>All I got to do<br/>Is whisper in your ear<br/>The words you long to hear<br/>And I'll be kissin' you<br/>","<br/>And the same goes for me<br/>Whenever you want me at all<br/>I'll be here, yes, I will<br/>Whenever you call<br/>You just got to call on me, yeah<br/>You just got to call on me<br/>","<br/>And when I, I want to kiss you, yeah<br/>All I got to do<br/>Is call you on the phone<br/>And you'll come runnin' home<br/>Yeah, that's all I got to do",,,,,,,,,,,,,,,,,,,,,,,,,,,,,,,,,,,,,,,,,,,,,,,
2,,,,,All Things Must Pass (Demo),<br/>Sunrise doesn't last all morning<br/>A cloudburst doesn't last all day<br/>Seems my love is up<br/>And has left you with no warning<br/>But it's not always going to be this grey<br/>,<br/>Sunset doesn't last all evening<br/>A mind can blow those clouds away<br/>After all this my love is up<br/>And must be leaving<br/>It has not always been this grey<br/>,,,<br/>All things must pass<br/>All things must pass away<br/>,<br/>All things must pass<br/>None of life's strings can last<br/>So I must be on my way<br/>And face another day<br/>,<br/>Now the darkness only stays at nighttime<br/>In the morning it will fade away<br/>Daylight is good<br/>At arriving at the right time<br/>It's not always going to be this grey<br/>, ,,,,,,,,,,,,,,,,,,,,,,,,,,,,,,,,,,,,,,,,,,,
3,,,,,All You Need Is Love,"<br/>There's nothing you can do that can't be done<br/>Nothing you can sing that can't be sung<br/>Nothing you can say, but you can learn how to play the game<br/>It's easy<br/>","<br/>Nothing you can make that can't be made<br/>No one you can save that can't be saved<br/>Nothing you can do, but you can learn how to be you in time<br/>It's easy<br/>",,,"<br/>All you need is love<br/>All you need is love<br/>All you need is love, love<br/>Love is all you need<br/>Love, love, love<br/>Love, love, love<br/>Love, love, love",,,,,"<br/>Love, love, love<br/>Love, love, love<br/>Love, love, love<br/>",,,,,,,,,,,,,,,,,,,,,,,,,,,,,,,,,,,,,,,,,
4,,,,,And Your Bird Can Sing,<br/>You tell me that you've got everything you want<br/>And your bird can sing<br/>But you don't get me<br/>You don't get me<br/>,<br/>You say you've seen seven wonders<br/>And your bird is green<br/>But you can't see me<br/>You can't see me<br/>,,,,,,,,,"<br/>When your prized possessions<br/>Start to weigh you down<br/>Look in my direction<br/>I'll be 'round, I'll be 'round<br/>",<br/>,"<br/>When your bird is broken<br/>Will it bring you down?<br/>You may be awoken<br/>I'll be 'round, I'll be 'round",,,,,,,,,,,,,,,,,,,,,,,,,,,,,,,,,,,,,,
5,,,,,Any Time at All,"<br/>If you need somebody to love<br/>Just look into my eyes<br/>I'll be there to make you feel right<br/>If you're feeling sorry and sad<br/>I'd really sympathize<br/>Don't you be sad, just call me tonight<br/>","<br/>If the sun has faded away<br/>I'll try to make it shine<br/>There's nothing I won't do<br/>When you need a shoulder to cry on<br/>I hope it will be mine<br/>Call me tonight, and I'll come to you<br/>",,,"<br/>Any time at all, any time at all<br/>Any time at all, all you've gotta do is call and I'll be there<br/>","<br/>Any time at all, any time at all<br/>Any time at all, all you've gotta do is call and I'll be there<br/>",,"<br/>Any time at all, any time at all<br/>Any time at all, all you've gotta do is call and I'll be there",,,,,,,,,,,,,,,,,,,,,,,,,,,,,,,,,,,,,,,,,,,
6,,,,,Baby It’s You,<br/>It's not the way you smile that touched my heart<br/>(<br/>Sha la la la la<br/>)<br/>It's not the way you kiss that tears me apart<br/>,"<br/>You should hear what they say about you, ""cheat,"" ""cheat""<br/>(<br/>Sha la la la la<br/>)<br/>They say, they say you never never never ever been true<br/>(<br/>Cheat, cheat<br/>)",,,"<br/>'Cause, baby, it's you (<br/>Sha la la la la la la<br/>)<br/>Baby, it's you (<br/>Sha la la la la la la<br/>)<br/>(<br/>Sha la la la la<br/>)<br/>",,,,,<br/>Sha la la la la la la<br/>Sha la la la la la la<br/>Sha la la la la la la<br/>Sha la la la la<br/>,,,,"<br/>Uh, oh<br/>Many, many, many nights go by<br/>I sit alone at home and I cry over you<br/>What can I do?<br/>Can't help myself<br/>",,,,,,,,,,,,,,,,,,,,,,,,,,,,,,,,,,,,,
7,<br/>It's been a hard day's night<br/>And I've been working like a dog<br/>It's been a hard day's night<br/>I should be sleeping like a log<br/>But when I get home to you<br/>I find the things that you do<br/>Will make me feel alright<br/>,<br/>You know I work all day<br/>To get you money to buy you things<br/>And it's worth it just to hear you say<br/>You're gonna give me everything<br/>So why on earth should I moan<br/>'Cause when I get you alone<br/>You know I feel okay<br/>,,"<br/>When I'm home, everything seems to be right<br/>When I'm home feeling you holding me tight<br/>Tight, yeah!<br/>",A Hard Day’s Night,,,,,,,,,,,,,,,<br/>It's been a hard day's night<br/>And I've been working like a dog<br/>It's been a hard day's night<br/>I should be sleeping like a log<br/>But when I get home to you<br/>I find the things that you do<br/>Will make me feel alright<br/>Ah!,,,,,,,,,,,,,,,,,,,,,,,,,,,,,,,,,,,,
8,,,,,Across the Universe,"<br/>Words are flowing out like endless rain into a paper cup<br/>They slither wildly as they slip away across the universe<br/>Pools of sorrow, waves of joy are drifting through my opened mind<br/>Possessing and caressing me<br/>",<br/>Images of broken light which dance before me like a million eyes<br/>They call me on and on across the universe<br/>Thoughts meander like a restless wind inside a letter box<br/>They tumble blindly as they make their way across the universe<br/>,,,"<br/>Jai Guru Deva, Om<br/>Nothing's gonna change my world<br/>Nothing's gonna change my world<br/>Nothing's gonna change my world<br/>Nothing's gonna change my world<br/>","<br/>Jai Guru Deva, Om<br/>Nothing's gonna change my world<br/>Nothing's gonna change my world<br/>Nothing's gonna change my world<br/>Nothing's gonna change my world",,,,,,,,,,,,,,,,,,,,,,,,,,,,,,,,,,,,,,,,,,,,,
9,,,,,All Together Now,"<br/>A, B, C, D<br/>Can I bring my friend to tea?<br/>E, F, G, H, I, J, I love you<br/>","<br/>Black, white, green, red<br/>Can I take my friend to bed?<br/>Pink, brown, yellow, orange and blue, I love you",,,<br/>(All together now) All together now<br/>(All together now) All together now<br/>(All together now) All together now<br/>(All together now) All together now<br/>,,,,,"<br/>One, two, three, four<br/>Can I have a little more?<br/>Five, six, seven, eight, nine, ten, I love you<br/>",,,,<br/>(Bom bom bom bompa bom) Sail the ship<br/>(Bompa bom) Chop the tree<br/>(Bompa bom) Skip the rope<br/>(Bompa bom) Look at me<br/>,,,,,,,,,,,,,,,,,,,,,,,,,,,,,,,,,,,,,
10,,,,,Act Naturally,<br/>They're gonna put me in the movies<br/>They're gonna make a big star out of me<br/>We'll make a film about a man that's sad and lonely<br/>And all I gotta do is act naturally<br/>,<br/>Well I hope you'll come and see me in the movies<br/>Then I know that you will plainly see<br/>The biggest fool that ever hit the big time<br/>And all I gotta do is act naturally<br/>,,,"<br/>Well I'll bet you I'm gonna be a big star<br/>Might win an Oscar, you can never tell<br/>The movies gonna make me a big star<br/>'Cause I can play the part so well<br/>","<br/>Well I'll bet you I'm gonna be a big star<br/>Might win an Oscar, you can never tell<br/>The movies gonna make me a big star<br/>'Cause I can play the part so well",<br/>We'll make the scene about a man that's sad and lonely<br/>And begging down upon his bended knee<br/>I'll play the part and I won't need rehearsing<br/>All I have to do is act naturally<br/>,,,,,,,,,,,,,,,,,,,,,,,,,,,,,,,,,,,,,,,,,,,,
11,,,,,All My Loving,<br/>Close your eyes and I'll kiss you<br/>Tomorrow I'll miss you<br/>Remember I'll always be true<br/>And then while I'm away<br/>I'll write home everyday<br/>And I'll send all my loving to you<br/>,<br/>I'll pretend that I'm kissing<br/>The lips I am missing<br/>And hope that my dreams will come true<br/>And then while I'm away<br/>I'll write home everyday<br/>And I'll send all my loving to you<br/>,,,,,<br/>Close your eyes and I'll kiss you<br/>Tomorrow I'll miss you<br/>Remember I'll always be true<br/>And then while I'm away<br/>I'll write home everyday<br/>And I'll send all my loving to you,,,,,,,,,"<br/>All my loving I will send to you<br/>All my loving, darling I'll be true<br/>",,,,,,,,,,,,,,,,,,,,,,,,,,,,,,,,,,,
12,,,,,And I Love Her,<br/>I give her all my love<br/>That's all I do<br/>And if you saw my love<br/>You'd love her too<br/>I love her<br/>,<br/>She gives me everything<br/>And tenderly<br/>The kiss my lover brings<br/>She brings to me<br/>And I love her<br/>,<br/>A love like ours<br/>Could never die<br/>As long as I<br/>Have you near me<br/>,,,,<br/>Bright are the stars that shine<br/>Dark is the sky<br/>I know this love of mine<br/>Will never die<br/>And I love her,,,,,,,,,,,,,,,,,,,,,,,,,,,,,,,,,,,,,,,,,,,,
13,,,,,Ask Me Why,"<br/>I love you, 'cause you tell me things I want to know<br/>And it's true that it really only goes to show<br/>That I know that I—I, I, I<br/>Should never, never, never be blue<br/>","<br/>Now you're mine, my happiness still makes me cry<br/>And in time, you'll understand the reason why<br/>If I cry it's not because I'm sad<br/>But you're the only love that I've ever had<br/>",<br/>I can't believe it's happened to me<br/>I can't conceive of any more—misery<br/>,,"<br/>Ask me why, I'll say I love you<br/>And I'm always thinking of you<br/>",,"<br/>I love you, 'cause you tell me things I want to know<br/>And it's true that it really only goes to show<br/>That I know that I—I, I, I<br/>Should never, never, never be blue",,,,,,,,,,,,,,,,,,,,,,,,,,,,,,,,,,,,,,,,,,,,
14,,,,,12-Bar Original,,,,,,,,,,,,,,,,,"<br/>One, two, three, four!<br/>",,,,,,,,,,,,,,,,,,,,,,,,,,,,,,,,,,
15,,,,,A Taste of Honey,"<br/>I dream of your first kiss, and then<br/>I feel upon my lips again<br/>A taste of honey (A taste of honey)<br/>Tasting much sweeter than wine<br/>","<br/>Yours was the kiss that awoke my heart<br/>There lingers still, though we're far apart<br/>A taste of honey (A taste of honey)<br/>Tasting much sweeter than wine<br/>","<br/>I will return, yes I will return<br/>I'll come back for the honey and you<br/>",,,,,,,<br/>A taste of honey!<br/>Tasting much sweeter than wine<br/>,,,,,,,,"<br/>I will return, yes I will return<br/>I'll come back (He'll come back) for the honey (for the honey) and you",,,,,,,,,,,,,,,,,,,,,,,,,,,,,,,,,
16,,,,,Another Girl,"<br/>You're making me say that I've got nobody but you<br/>But as from today, well, I've got somebody that's new<br/>I ain't no fool and I don't take what I don't want<br/>","<br/>She's sweeter than all the girls and I met quite a few<br/>Nobody in all the world can do what she can do<br/>And so I'm telling you, ""This time you'd better stop""<br/>",<br/>Who will love me till the end<br/>Through thick and thin<br/>She will always be my friend,,<br/>For I have got another girl<br/>Another girl<br/>,<br/>For I have got another girl<br/>Another girl<br/>,,<br/>For I have got another girl<br/>Another girl<br/>,,,,,,,,,,,,,,,,,,,,,,,,,,,,,,,,,,,,,,,,,,,
17,,,,,Bad Boy,,,"<br/>Ooh!<br/>Gonna tell your mama you better do what she said<br/>Get to the barber shop and get that hair cut off your head<br/>Shoot the canary and you fed it to the neighbor's cat<br/>You gave the cocker spaniel a bath in mother's laundromat<br/>Well, in mama's head it's got to stop<br/>Junior's head is hard as rock<br/>Now, junior, behave yourself",,,,,,,"<br/>A bad little kid moved into my neighborhood<br/>He won't do nothing right, just sitting down and looks so good<br/>He don't want to go to school and learn to read and write<br/>Just sits around the house and plays the rock and roll music all night<br/>Well, he put some tacks on teacher's chair<br/>Puts chewing gum in little girl's hair<br/>Now, junior, behave yourself<br/>Buy every rock and roll book on the magazine stand<br/>Every dime that he gets (oh) is lost to the jukebox man<br/>Well he worries his teacher till at night she's ready to poop<br/>From rocking and a-rolling to spinning in a hula hoop<br/>Well this rock and roll has got to stop<br/>Junior's head is hard as rock<br/>Now, junior, behave yourself<br/>Ooh!<br/>",,,,,,,,,,,,,,,,,,,,,,,,,,,,,,,,,,,,,,,,,
18,,,,,Beautiful Dreamer,,,,,,,,,,,,,,,,,,,,,,,,,,,,,,,,,,,,,,,,,,,,,,,,,,,
19,,,,,A Shot Of Rhythm And Blues,,,,,,,,,,,,,,,,<br/>You get a shot of rhythm and blues<br/>With just a little rock and roll on the side<br/>Just for good measure<br/>,,,"<br/>Well, if your hands start a-clapping<br/>And your fingers start a-popping<br/>And your feet start a-moving around<br/>And if you start to swing and sway<br/>When the band starts to play<br/>A real cool way out sound<br/>And if you get to can't help it<br/>And you can't sit down<br/>You feel like you gotta move a round<br/>","<br/>Get a pair of dancing shoes<br/>Well, with your lover by your side<br/>Don't you know you're going to have a lot of pleasure?<br/>","<br/>Don't you worry about a thing if you start to dance and sing<br/>And chills coming up on you<br/>And if the rhythm finally gets you and the beat gets you too<br/>Well, here's something for you to do",,,,,,,,,,,,,,,,,,,,,,,,,,,,,,
20,,,,,Ain’t She Sweet (Anthology 1 version),<br/>Oh ain't she sweet?<br/>Well see her walking down that street<br/>Yes I ask you very confidentially<br/>Ain't she sweet?<br/>,"<br/>Oh ain't she nice?<br/>Well look her over once or twice<br/>Yes I ask you, very confidentially<br/>Ain't she nice?<br/>",,,,,"<br/>Oh I repeat<br/>Well don't you think that's kind of neat?<br/>Yes I ask you, very confidentially<br/>Ain't she sweet?<br/>",,,,,,,,,"<br/>Just cast an eye<br/>In her direction<br/>Oh me, oh my<br/>Ain't that perfection?<br/>",,,,,,"<br/>Oh ain't she sweet?<br/>Well see her walking down that street?<br/>Yes I ask you, very confidentially<br/>Ain't she sweet?",,,,,,,,,,,,,,,,,,,,,,,,,,,,,
21,,,,,Birthday,,,,,,,,,,,,,,,,,,,,,,,"<br/>They say it's your birthday<br/>Well, it's my birthday too, yeah<br/>They say it's your birthday<br/>We're gonna have a good time<br/>I'm glad it's your birthday<br/>Happy birthday to you<br/>","<br/>One, two, three, four, five, six, seven, eight!<br/>","<br/>Yes, we're going to a party, party<br/>Yes, we're going to a party, party<br/>Yes, we're going to a party, party<br/>","<br/>I would like you to dance (Birthday)<br/>Take a cha-cha-cha-chance (Birthday)<br/>I would like you to dance (Birthday)<br/>Dance, yeah, woo, come on (Come on)<br/>",<br/>,"<br/>I would like you to dance (Birthday)<br/>Take a cha-cha-cha-chance (Birthday)<br/>I would like you to dance (Birthday)<br/>Woo, dance! Dance!",,,,,,,,,,,,,,,,,,,,,,,
22,,,,,Because I Know You Love Me So,,,,,,,,,,,,,,,,,,,,,,,,,,,,,,,,,,,,,,,,,,,,,,,,,,,
23,,,,,Blackbird,<br/>Blackbird singing in the dead of night<br/>Take these broken wings and learn to fly<br/>All your life<br/>You were only waiting for this moment to arise<br/>,<br/>Blackbird singing in the dead of night<br/>Take these sunken eyes and learn to see<br/>All your life<br/>You were only waiting for this moment to be free<br/>,,,"<br/>Blackbird fly, blackbird fly<br/>Into the light of the dark black night<br/>","<br/>Blackbird fly, blackbird fly<br/>Into the light of the dark black night<br/>",<br/>Blackbird singing in the dead of night<br/>Take these broken wings and learn to fly<br/>All your life<br/>You were only waiting for this moment to arise<br/>,,,,,,,,,,,,,,,,,,,,,,<br/>,<br/>You were only waiting for this moment to arise<br/>You were only waiting for this moment to arise,,,,,,,,,,,,,,,,,,,,,
24,,,,,Boys,"<br/>I been told when a boy kiss a girl<br/>Take a trip around the world<br/>Hey, hey <br/>(Bop shuop, m'bop bop shuop)<br/>Hey, hey <br/>(Bop shuop, m'bop bop shuop)<br/>Hey, hey <br/>(Bop shuop)<br/>Yeah, she say you do <br/>(Bop shuop)<br/>","<br/>My girl says when I kiss her lips<br/>Gets a thrill through her fingertips<br/>Hey, hey <br/>(Bop shuop, m'bop bop shuop)<br/>Hey, hey <br/>(Bop shuop, m'bop bop shuop)<br/>Hey, hey <br/>(Bop shuop)<br/>Yeah, she say you do <br/>(Bop shuop)<br/>",,,"<br/>Well, I talk about boys <br/>(Yeah, yeah, boys)<br/>Don't ya know I mean boys? <br/>(Yeah, yeah, boys)<br/>Well, I talk about boys, now <br/>(Yeah, yeah, boys)<br/>Aaah, boys <br/>(Yeah, yeah, boys)<br/>Well, I talk about boys, now <br/>(Yeah, yeah, boys)<br/>What a bundle of joy! <br/>(Yeah, yeah, boys)<br/>Alright, George!<br/>",,,,,,,,,,,,,,,,,,,,,,,,,,,,,,,,,,,,,,,,,,,,,,
25,,,,,Carry That Weight,,,,,"<br/>Boy, you're gonna carry that weight<br/>Carry that weight a long time<br/>Boy, you're gonna carry that weight<br/>Carry that weight a long time<br/>","<br/>Boy, you're gonna carry that weight<br/>Carry that weight a long time<br/>Boy, you're gonna carry that weight<br/>Carry that weight a long time<br/>",,,,,,,,,,,,,<br/>I never give you my pillow<br/>I only send you my invitations<br/>And in the middle of the celebrations<br/>I break down<br/>,,,,,,,,,,,,,<br/>,,,,,,,,,,,,,,,,,,,
26,,,,,Chains,"<br/>I wanna tell you, pretty baby<br/>I think you're fine<br/>I'd like to love you<br/>But, darlin', I'm imprisoned by these<br/>",<br/>Please believe me when I tell you<br/>Your lips are sweet<br/>I'd like to kiss them<br/>But I can't break away from all of these<br/>,,,"<br/>Chains, my baby's got me locked up in chains<br/>And they ain't the kind that you can see<br/>Whoa, these chains of love got a hold on me, yeah<br/>Chains, well I can't break away from these chains<br/>Can't run around, 'cause I'm not free<br/>Whoa, oh, these chains of love won't let me be, yeah<br/>","<br/>Chains, my baby's got me locked up in chains<br/>And they ain't the kind that you can see<br/>Whoa, oh, these chains of love got a hold on me, yeah<br/>",,"<br/>Chains, my baby's got me locked up in chains<br/>And they ain't the kind that you can see<br/>Whoa, oh, these chains of love got a hold on me, yeah",,,,,,,,,,,,,,,,,,,,,,,,,,,,,,,,,,,,,,,,,,,
27,,,,,Baby’s in Black,"<br/>She thinks of him and so she dresses in black<br/>And though he'll never come back,<br/> she's dressed in black<br/>","<br/>I think of her, but she thinks only of him<br/>And though it's only a whim, she thinks of him<br/>",<br/>Oh how long will it take<br/>Till she sees the mistake she has made?<br/>,,"<br/>Oh dear, what can I do?<br/>Baby's in black and I'm feeling blue<br/>Tell me, oh what can I do?<br/>","<br/>Oh dear, what can I do?<br/>Baby's in black and I'm feeling blue<br/>Tell me, oh what can I do?<br/>",,"<br/>Dear what can I do?<br/>Baby's in black and I'm feeling blue<br/>Tell me, oh what can I do?",,,,,,,,,,,,,,,,,,,,,,,,,,,,,,,,,,,,,,,,,,,
28,,,,,Bad to Me,,,,,,,,,,,,,,,,,,,,,,,,,,,,,,,,,,,,,,,,,,,,,,,,,,,
29,,,,,Blue Jay Way,"<br/>There's a fog upon L.A<br/>And my friends have lost their way<br/>""We'll be over soon,"" they said<br/>Now, they've lost themselves instead<br/>","<br/>Well, it only goes to show<br/>And I told them where to go<br/>Ask a policeman on the street<br/>There's so many there to meet<br/>",,,"<br/>Please, don't be long<br/>Please, don't you be very long<br/>Please, don't be long<br/>For I may be asleep<br/>","<br/>Please, don't be long (Don't be long)<br/>Please, don't you be very long (Don't be long)<br/>Please, don't be long<br/>Or I may be asleep<br/>","<br/>Now, it's past my bed I know (Know)<br/>And I'd really like to go (Go)<br/>Soon will be the break of day (Day)<br/>Sitting here in Blue Jay Way (Way)",,,,,,,,,,,,,,,,,,,,,,,,,,,,,,,,,,,,,,,,,,,,
30,,,,,Carol,"<br/>Well come into my machine<br/>So we can move on out<br/>I know a jumping little joint<br/>Where we can jump and shout<br/>It's not too far back on the highway<br/>Not too long a ride<br/>Well you take your car along<br/>And you park it outside<br/>A little cutie takes your hat<br/>And you can thank her, ma'am<br/>Well every time you're going to drive<br/>You find the joint is jammed<br/>","<br/>Well if you want to hear some music<br/>Like the boys all play<br/>Hold tight, tap your foot<br/>Don't let it carry you away<br/>Don't let the heat overcome you<br/>Because they play so loud<br/>While the music will treat you<br/>When they get a crowd<br/>Well you can dance<br/>I know you will, you thought<br/>I got my eyes on you baby<br/>Because you dance so good",,,"<br/>Oh Carol, don't let him<br/>Steal your heart away<br/>Well I've got to learn to dance<br/>If it takes me all night and day<br/>",<br/>,,,,,,,,,,,,,,,,,,,,,,,,,,,,,,,,,,,,,,,,,,,,,
31,,,,,Child of Nature,,,,,,,,,,,,,,,,,,,,,,,,,,,,,,,,,,,,,,,,,,,,,,,,,,,
32,,,,,Come and Get It (Studio Demo),"<br/>If you want it, here it is<br/>Come and get it<br/>Make your mind up fast<br/>","<br/>If you want it, any time<br/>I can give it<br/>But you better hurry because it may not last<br/>",,,<br/>Did I hear you say that there must be a catch?<br/>Will you walk away from a fool and his money?<br/>,,"<br/>If you want it, here it is<br/>Come and get it<br/>But you better hurry because it's going fast<br/>",,,,,,,,,,<br/>Red light<br/>,,,,,,,,,,,,,,,,,<br/>Demo take one<br/>,"<br/>If you want it, here it is<br/>Come and get it<br/>Make your mind up fast",,,,,,,,,,,,,,,,
33,,,,,Come Together,"<br/>Here come old flat-top, he come groovin' up slowly<br/>He got ju-ju eyeball,<br/> <br/>he one holy roller<br/>He got hair down to his knee<br/>Got to be a joker, he just do what he please<br/>","<br/>He wear no shoeshine, he got toe-jam football<br/>He got monkey finger, he shoot Coca-Cola<br/>He say, ""I know you, you know me""<br/>One thing I can tell you is you got to be free<br/>",,,"<br/>Come together, right now<br/>Over me",,,,,<br/>Shoot me<br/>Shoot me<br/>Shoot me<br/>Shoot me<br/>,,,,,,,,,,,,,,,,,,,,,,,,,,<br/>Shoot me<br/>Shoot me<br/>Shoot me<br/>Shoot me<br/>,,,,,,,,,,,,,,,
34,,,,,Can’t Buy Me Love,"<br/>I'll buy you a diamond ring, my friend<br/>If it makes you feel alright<br/>I'll get you anything, my friend<br/>If it makes you feel alright<br/>'Cause I don't care too much for money<br/>Money can't buy me love<br/>",<br/>I'll give you all I've got to give<br/>If you say you love me too<br/>I may not have a lot to give<br/>But what I got I'll give to you<br/>I don't care too much for money<br/>Money can't buy me love<br/>,,,"<br/>Can't buy me love, everybody tells me so<br/>Can't buy me love, no-no-no, no!<br/>",,<br/>Say you don't need no diamond rings<br/>And I'll be satisfied<br/>Tell me that you want the kind of things<br/>That money just can't buy<br/>I don't care too much for money<br/>Money can't buy me love<br/>Ow!,,,"<br/>Can't buy me love, love<br/>Can't buy me love<br/>",,,,,,,,,,,,,,,,,,,,,,,,,,,,,,,,,,,,,,,,,
35,,,,,Clarabella,"<br/>Well, I got a baby crazy for me<br/>Yeah, I got a baby won't let me be<br/>Who, baby baby, Clarabella<br/>Baby baby, Clarabella<br/>Baby baby, wo wo, yeah uh<br/>Well, she needs no coaching on making love<br/>All she needs is the stars up above<br/>Who, baby baby, Clarabella<br/>Baby baby, Clarabella<br/>Baby baby, wo wo, yeah uh<br/>Ahh! Woo hoo<br/>","<br/>Well, she's got no time for a dungeries<br/>Already knows her ABC's<br/>Who, baby baby, Clarabella<br/>Baby baby, Clarabella<br/>Baby baby, wo wo, yeah yeh<br/>Ahh ow! Woo",,,"<br/>Well now, Clarabella<br/>You're my honey, Clarabella<br/>Ooh yeah now, Clarabella<br/>I said you're my baby<br/>Clarabella<br/>Yeah, Clarabella, baby<br/>Wo wo, yeah yeh<br/>",,,,,,,,,,,,,,,,,,,,,,,,,,,,,,,,,,,,,,,,,,,,,,
36,,,,,Day Tripper,,,,,,,,,,,,,,,,,,,,,,,,,,,,,,,,,,,,,"<br/>Got a good reason<br/>For taking the easy way out<br/>Got a good reason<br/>For taking the easy way out, now<br/>","<br/>She was a day tripper<br/>A one way ticket, yeah<br/>It took me so long<br/>To find out, and I found out<br/>","<br/>She's a big teaser<br/>She took me half the way there<br/>She's a big teaser<br/>She took me half the way there, now<br/>","<br/>She was a day tripper<br/>A one way ticket, yeah<br/>It took me so long<br/>To find out, and I found out<br/>",,,,,,,,,,,
37,,,,,Devil in Her Heart,"<br/>I'll take my chances, for romance is<br/>So important to me<br/>She'll never hurt me, she won't desert me<br/>She's an angel sent to me<br/>","<br/>I can't believe that she'll ever, ever go<br/>Not when she hugs me and says she loves me so<br/>She'll never hurt me, she won't desert me<br/>Listen, can't you see?<br/>",,,"<br/>(She's got the devil in her heart)<br/>But her eyes, they tantalize<br/>(She's going to tear your heart apart)<br/>Oh, her lips, they really thrill me<br/>","<br/>(She's got the devil in her heart)<br/>No, no, this I can't believe<br/>(She's going to tear your heart apart)<br/>No, no, nay will she deceive<br/>",,"<br/>(She's got the devil in her heart)<br/>Oh, no, no, no, this I can't believe<br/>(She's going to tear your heart apart)<br/>No, no, nay will she deceive",,,,,,,,,,,,,,,,,,,,,,,,,,,,,,,,,,,,,,,,,,,
38,,,,,Dig It,,,,,,,,,,,,,,,,,,,"<br/>Like a rolling stone<br/>Like a rolling stone<br/>Like a rolling stone<br/>Like the FBI<br/>And the CIA<br/>And the BBC<br/>B.B. King<br/>And <br/>Doris Day<br/>Matt Busby<br/>, dig it, <br/>dig it<br/>Dig it, dig it, dig it<br/>",,,,,,,,,,,,,,,,,,,,,,,"<br/>That was ""Can You Dig It"" by <br/>Georgie Wood<br/>And now we'd like to do <br/>""Hark the Angels Come""",,,,,,,,,
39,,,,,Because,"<br/>Because the world is round, it turns me on<br/>Because the world is round<br/>Ahh<br/>","<br/>Because the wind is high, it blows my mind<br/>Because the wind is high<br/>Ahh<br/>","<br/>Love is old, love is new<br/>Love is all, love is you<br/>",,,,"<br/>Because the sky is blue, it makes me cry<br/>Because the sky is blue<br/>",,,<br/>Ahh<br/>,,,,,,,,,,,,,,,,,,,,"<br/>Ah-ah-ah-ah-ah<br/>Ah, ahh-ah, ahh-ah-ah<br/>Ah-ah-ah-ah-ah-ah<br/>Ah, ahh, ahh, ahh<br/>Ahh<br/>Ah-ah-ah-ah-ah<br/>Ahh",,,,,,,,,,,,,,,,,,,,,
40,,,,,Cry Baby Cry,<br/>The king of Marigold was in the kitchen<br/>Cooking breakfast for the queen<br/>The queen was in the parlour<br/>Playing piano for the children of the king<br/>,<br/>The king was in the garden<br/>Picking flowers for a friend who came to play<br/>The queen was in the playroom<br/>Painting pictures for the children's holiday<br/>,,,<br/>Cry baby cry<br/>Make your mother sigh<br/>She's old enough to know better<br/>So cry baby cry<br/>,<br/>Cry baby cry<br/>Make your mother sigh<br/>She's old enough to know better<br/>So cry baby cry,,,,<br/>Cry baby cry<br/>Make your mother sigh<br/>She's old enough to know better<br/>,,,,,,,,,,,,,,,,,,,,,,,,,,,,,,,,,,,,,,,,,
41,,,,,Dig a Pony,"<br/>I dig a pony<br/>Well, you can celebrate anything you want<br/>Yes, you can celebrate anything you want<br/>Oh!<br/>I do a <br/>road hog<br/>Well, you can penetrate any place you go<br/>Yes, you can penetrate any place you go<br/>I told you so<br/>","<br/>I pick a moon dog<br/>Well, you can radiate everything you are<br/>Yes, you can radiate everything you are<br/>Oh, now<br/>I roll a stoney<br/>Well, you can imitate everyone you know<br/>Yes, you can imitate everyone you know<br/>I told you so<br/>",,,<br/>All I want is you<br/>Everything has got to be just like you want it to<br/>Because<br/>,<br/>All I want is you<br/>Everything has got to be just like you want it to<br/>Because,,,,,,,,,,,,,,,,,,,,,,,,,,,,,,,,,,,,,,,,,,,,,
42,,,,,Anna (Go to Him),"<br/>Anna<br/>You come and ask me, girl<br/>To set you free, girl<br/>You say he loves you more than me, so I will set you free<br/>Go with him (Anna)<br/>Go with him (Anna)<br/>","<br/>Anna<br/>Girl, before you go now<br/>I want you to know, now<br/>That I still love you so, but if he loves you more<br/>Go with him<br/>",,,"<br/>All of my life<br/>I've been searching for a girl<br/>To love me like I love you<br/>Oh, now, but every girl I've ever had<br/>Breaks my heart and leaves me sad<br/>What am I, what am I supposed to do?<br/>Oh-oh-oh-oh-oh-oh<br/>",,"<br/>Anna<br/>Just one more thing, girl<br/>You give back your ring to me, and I will set you free<br/>Go with him",,,,,,,,,,,,,,,,,,,,,,,,,,,,,,,,,,,,,,,,,,,,
43,,,,,Christmas Time (Is Here Again),,,,,,,,,,,,,,,,,,,,,,,,,,,,,,,,,,,,,,,,,,,,,,,,,,,
44,,,,,Dear Prudence,"<br/>Dear Prudence<br/>Won't you come out to play?<br/>Dear Prudence<br/>Greet the brand new day, hey<br/>The sun is up, the sky is blue<br/>It's beautiful, and so are you<br/>Dear Prudence<br/>Won't you come out to play?<br/>","<br/>Dear Prudence<br/>Open up your eyes<br/>Dear Prudence<br/>See the sunny skies<br/>The wind is low, the birds will sing<br/>That you are part of everything<br/>Dear Prudence<br/>Won't you open up your eyes?<br/>","<br/>Look around, round, round<br/>Look around, round, round<br/>Look around",,,,,,,<br/>,,,,,,,,,,,,,,,,,,,,,,,,,,,,,,,,,,,,,,,,,
45,,,,,Don’t Let Me Down,,,,,,,,,,,,,,,,,,,,,,,,,,,,,,,,,,,,,,,,,,,"<br/>Don't let me down, don't let me down<br/>Don't let me down, don't let me down<br/>","<br/>Nobody ever loved me like she does<br/>Oh, she does<br/>Yeah, she does<br/>And if somebody loved me like she do me<br/>Oh, she do me<br/>Yes, she does<br/>","<br/>Don't let me down, don't let me down<br/>Don't let me down, don't let me down<br/>",<br/>I'm in love for the first time<br/>Don't you know it's gonna last<br/>It's a love that lasts forever<br/>It's a love that has no past (Seeking past)<br/>,"<br/>Don't let me down, don't let me down<br/>Don't let me down, don't let me down",,,,
46,"<br/>Ooh, I need your love, babe<br/>Guess you know it's true<br/>Hope you need my love, babe<br/>Just like I need you<br/>","<br/>Love you everyday, girl<br/>Always on my mind<br/>One thing I can say girl<br/>Love you all the time<br/>",,,Eight Days a Week,,,,,,,,,,<br/>,,,,,,,,,,,,,,,,,,,,,,,,,,,,,,,,,"<br/>Hold me, love me<br/>Hold me, love me<br/>I ain't got nothing but love, babe<br/>Eight days a week<br/>",,"<br/>Hold me, love me<br/>Hold me, love me<br/>I ain't got nothing but love, girl<br/>Eight days a week",,,,,,
47,,,,,Doctor Robert,"<br/>Ring, my friend I said you'd call<br/>Doctor Robert<br/>Day or night he'll be there any time at all<br/>Doctor Robert<br/>",<br/>If you're down he'll pick you up<br/>Doctor Robert<br/>Take a drink from his special cup<br/>Doctor Robert<br/>,,,,,,,,,,,,,,<br/>Doctor Robert<br/>You're a new and better man<br/>He helps you to understand<br/>He does everything he can<br/>Doctor Robert<br/>,,,,<br/>Doctor Robert<br/>He's a man you must believe<br/>Helping anyone in need<br/>No one can succeed like<br/>Doctor Robert,,,,,,,,,,,,,,,,,,,,,,,,,,,,,,,
48,,,,,Don’t Pass Me By,"<br/>I listen for your footsteps coming up the drive<br/>Listen for your footsteps, but they don't arrive<br/>Waiting for your knock, dear, on my old front door<br/>I don't hear it--does it mean you don't love me any more?<br/>","<br/>I hear the clock a'ticking on the mantel shelf<br/>See the hands a'moving, but I'm by myself<br/>I wonder where you are tonight, and why I'm by myself<br/>I don't see you, does it mean you don't love me any more?<br/>",,,"<br/>Don't pass me by, don't make me cry, don't make me blue<br/>'Cause you know, darling, I love only you<br/>You'll never know it hurt me so, how I hate to see you go<br/>Don't pass me by<br/>Don't make me cry<br/>","<br/>Don't pass me by, don't make me cry, don't make me blue<br/>'Cause you know, darling, I love only you<br/>You'll never know it hurt me so, I'll hate to see you go<br/>Don't pass me by<br/>Don't make me cry","<br/>I'm sorry that I doubted you, I was so unfair<br/>You were in a car crash, and you lost your hair<br/>You said that you would be late, about an hour or two<br/>I said that's alright, I'm waiting here, just waiting to hear from you<br/>",,,,,,,,,,,,,,,,,,,,,,,,,,,,,,,,,,,,,,,,,,,,
49,,,,,Eleanor Rigby,,,,,,,,,,,,,,,,,,,,,,,,,,,,,,,,,,,,,,,,,,,,,,,,"<br/>Ah, look at all the lonely people!<br/>Ah, look at all the lonely people!<br/>",<br/>Eleanor Rigby<br/>Picks up the rice in the church where a wedding has been<br/>Lives in a dream<br/>Waits at the window<br/>Wearing the face that she keeps in a jar by the door<br/>Who is it for?<br/>,<br/>All the lonely people<br/>Where do they all come from?<br/>All the lonely people<br/>Where do they all belong?<br/>,<br/>Father McKenzie<br/>Writing the words of a sermon that no one will hear<br/>No one comes near<br/>Look at him working<br/>Darning his socks in the night when there's nobody there<br/>What does he care?
50,,,,,Every Little Thing,"<br/>When I'm walking beside her<br/>People tell me I'm lucky<br/>Yes, I know I'm a lucky guy<br/>I remember the first time<br/>I was lonely without her<br/>Can't stop thinking about her now<br/>","<br/>When I'm with her I'm happy<br/>Just to know that she loves me<br/>Yes, I know that she loves me now<br/>There is one thing I'm sure of<br/>I will love her forever<br/>For I know love will never die<br/>",,,"<br/>Every little thing she does<br/>She does for me, yeah<br/>And you know the things she does<br/>She does for me, oooh<br/>","<br/>Every little thing she does<br/>She does for me, yeah<br/>And you know the things she does<br/>She does for me, oooh",,,,<br/>,,,,,,,,,,,,,,,,,,,,,,,,,,,,,,,,,,,,,,,,,
