,[Paul McCartney],[Instrumental],title,[Verse 1: John Lennon],[Verse 2: John Lennon],[Bridge: Paul McCartney],[Verse 1: John Lennon]2,[Verse 1],[Chorus],[Verse 2],[Chorus]2,[Bridge],[Verse 2]2,[Verse 3],[Chorus]3,[x2],[Intro],[Pre-Chorus],[Refrain: John Lennon],[Bridge]2,[Chorus 1],[Instrumental Break],[Outro],[Verse],[Chorus 2],[Chorus 3],[Verse 4],[Bridge 1],[Bridge 2],[Verse 1: Paul McCartney and John Lennon],[Interlude: Paul McCartney],"[Bridge 1: John Lennon, <br/>& McCartney<br/>, <br/>& McCartney and George Harrison<br/>]",[Bridge 2: Paul McCartney],[Instrumental Verse],[Bridge 2: Paul McCartney]2,[Guitar Solo],[Instrumental Break 0:23-0:44],[Transition],[Engineer],[Verse 1]2,[Interlude],[Verse 1: Paul McCartney & John Lennon],[Chorus: Paul McCartney & John Lennon],[Verse 2: Paul McCartney & John Lennon],[Chorus: Paul McCartney & John Lennon]2,[Guitar Solo: John Lennon],[Spoken],[Chorus: John Lennon & Paul McCartney],[Chorus: John Lennon & Paul McCartney]2,[Intro: John Lennon & Paul McCartney],[Verse 1: John Lennon & Paul McCartney],[Verse 2: John Lennon & Paul McCartney],[Bridge: John Lennon & Paul McCartney],[Verse 1: John Lennon & Paul McCartney]2,[Intro: Paul McCartney & <br/>John Lennon<br/>],[Verse 1: Paul McCartney],[Chorus: Paul McCartney],[​​Interlude: Paul McCartney],"[Chorus: John Lennon, Paul McCartney, George Harrison]","[Chorus: John Lennon, Paul McCartney, George Harrison]2","[Bridge: John Lennon, <br/>Paul McCartney & George Harrison<br/>]",[Refrain],[Refrain]2,[Instrumental bridge],[Verse 2]3,[Bridge: John Lennon & Paul McCartney & George Harrison],[Chorus: John Lennon & Paul McCartney]3,[Guitar solo],[French Horn Solo],[Chorus: John Lennon],[Chorus: John Lennon]2,[Bridge: George Harrison],"[Intro: Paul McCartney, John Lennon and George Harrison]",[Verse 1: Paul McCartney (& John Lennon and George Harrison)],[Chorus: Paul McCartney (& John Lennon and George Harrison)],[Verse 2: Paul McCartney],[Chorus: Paul McCartney (& John Lennon and George Harrison)]2,"[Intro: Paul McCartney, John Lennon, George Harrison]",[Verse 1: John Lennon <br/>with Paul McCartney<br/>],[Verse 3: John Lennon with Paul McCartney],[Scatting],"[Verse 3: John Lennon, Paul McCartney & <br/>Ringo Starr<br/>]"
0,"<br/>One, two, three, four!<br/>",,12-Bar Original,,,,,,,,,,,,,,,,,,,,,,,,,,,,,,,,,,,,,,,,,,,,,,,,,,,,,,,,,,,,,,,,,,,,,,,,,,,,,,,
1,,,A Hard Day’s Night,<br/>It's been a hard day's night<br/>And I've been working like a dog<br/>It's been a hard day's night<br/>I should be sleeping like a log<br/>But when I get home to you<br/>I find the things that you do<br/>Will make me feel alright<br/>,<br/>You know I work all day<br/>To get you money to buy you things<br/>And it's worth it just to hear you say<br/>You're gonna give me everything<br/>So why on earth should I moan<br/>'Cause when I get you alone<br/>You know I feel okay<br/>,"<br/>When I'm home, everything seems to be right<br/>When I'm home feeling you holding me tight<br/>Tight, yeah!<br/>",<br/>It's been a hard day's night<br/>And I've been working like a dog<br/>It's been a hard day's night<br/>I should be sleeping like a log<br/>But when I get home to you<br/>I find the things that you do<br/>Will make me feel alright<br/>Ah!,,,,,,,,,,,,,,,,,,,,,,,,,,,,,,,,,,,,,,,,,,,,,,,,,,,,,,,,,,,,,,,,,,,,,,,,,,,
2,,,Across the Universe,,,,,"<br/>Words are flowing out like endless rain into a paper cup<br/>They slither wildly as they slip away across the universe<br/>Pools of sorrow, waves of joy are drifting through my opened mind<br/>Possessing and caressing me<br/>","<br/>Jai Guru Deva, Om<br/>Nothing's gonna change my world<br/>Nothing's gonna change my world<br/>Nothing's gonna change my world<br/>Nothing's gonna change my world<br/>",<br/>Images of broken light which dance before me like a million eyes<br/>They call me on and on across the universe<br/>Thoughts meander like a restless wind inside a letter box<br/>They tumble blindly as they make their way across the universe<br/>,"<br/>Jai Guru Deva, Om<br/>Nothing's gonna change my world<br/>Nothing's gonna change my world<br/>Nothing's gonna change my world<br/>Nothing's gonna change my world",,,,,,,,,,,,,,,,,,,,,,,,,,,,,,,,,,,,,,,,,,,,,,,,,,,,,,,,,,,,,,,,,,,,,,,
3,,,All I’ve Got to Do,,,,,"<br/>Whenever I want you around, yeah<br/>All I got to do<br/>Is call you on the phone<br/>And you'll come running home<br/>Yeah, that's all I got to do<br/>",,"<br/>And when I, I want to kiss you, yeah<br/>All I got to do<br/>Is whisper in your ear<br/>The words you long to hear<br/>And I'll be kissin' you<br/>",,"<br/>And the same goes for me<br/>Whenever you want me at all<br/>I'll be here, yes, I will<br/>Whenever you call<br/>You just got to call on me, yeah<br/>You just got to call on me<br/>","<br/>And when I, I want to kiss you, yeah<br/>All I got to do<br/>Is call you on the phone<br/>And you'll come runnin' home<br/>Yeah, that's all I got to do",,,,,,,,,,,,,,,,,,,,,,,,,,,,,,,,,,,,,,,,,,,,,,,,,,,,,,,,,,,,,,,,,,,,,
4,,,All Things Must Pass (Demo),,,,,<br/>Sunrise doesn't last all morning<br/>A cloudburst doesn't last all day<br/>Seems my love is up<br/>And has left you with no warning<br/>But it's not always going to be this grey<br/>,<br/>All things must pass<br/>All things must pass away<br/>,<br/>Sunset doesn't last all evening<br/>A mind can blow those clouds away<br/>After all this my love is up<br/>And must be leaving<br/>It has not always been this grey<br/>,<br/>All things must pass<br/>None of life's strings can last<br/>So I must be on my way<br/>And face another day<br/>,,,<br/>Now the darkness only stays at nighttime<br/>In the morning it will fade away<br/>Daylight is good<br/>At arriving at the right time<br/>It's not always going to be this grey<br/>, ,,,,,,,,,,,,,,,,,,,,,,,,,,,,,,,,,,,,,,,,,,,,,,,,,,,,,,,,,,,,,,,,,,,
5,,,All Together Now,,,,,"<br/>A, B, C, D<br/>Can I bring my friend to tea?<br/>E, F, G, H, I, J, I love you<br/>",<br/>(All together now) All together now<br/>(All together now) All together now<br/>(All together now) All together now<br/>(All together now) All together now<br/>,"<br/>Black, white, green, red<br/>Can I take my friend to bed?<br/>Pink, brown, yellow, orange and blue, I love you",,,,,,,"<br/>One, two, three, four<br/>Can I have a little more?<br/>Five, six, seven, eight, nine, ten, I love you<br/>",<br/>(Bom bom bom bompa bom) Sail the ship<br/>(Bompa bom) Chop the tree<br/>(Bompa bom) Skip the rope<br/>(Bompa bom) Look at me<br/>,,,,,,,,,,,,,,,,,,,,,,,,,,,,,,,,,,,,,,,,,,,,,,,,,,,,,,,,,,,,,,,,
6,,,And I Love Her,,,,,<br/>I give her all my love<br/>That's all I do<br/>And if you saw my love<br/>You'd love her too<br/>I love her<br/>,,<br/>She gives me everything<br/>And tenderly<br/>The kiss my lover brings<br/>She brings to me<br/>And I love her<br/>,,<br/>A love like ours<br/>Could never die<br/>As long as I<br/>Have you near me<br/>,,<br/>Bright are the stars that shine<br/>Dark is the sky<br/>I know this love of mine<br/>Will never die<br/>And I love her,,,,,,,,,,,,,,,,,,,,,,,,,,,,,,,,,,,,,,,,,,,,,,,,,,,,,,,,,,,,,,,,,,,,
7,,,Another Girl,,,,,"<br/>You're making me say that I've got nobody but you<br/>But as from today, well, I've got somebody that's new<br/>I ain't no fool and I don't take what I don't want<br/>",<br/>For I have got another girl<br/>Another girl<br/>,"<br/>She's sweeter than all the girls and I met quite a few<br/>Nobody in all the world can do what she can do<br/>And so I'm telling you, ""This time you'd better stop""<br/>",<br/>For I have got another girl<br/>Another girl<br/>,<br/>Who will love me till the end<br/>Through thick and thin<br/>She will always be my friend,,,<br/>For I have got another girl<br/>Another girl<br/>,,,,,,,,,,,,,,,,,,,,,,,,,,,,,,,,,,,,,,,,,,,,,,,,,,,,,,,,,,,,,,,,,,,
8,,,Baby It’s You,,,,,<br/>It's not the way you smile that touched my heart<br/>(<br/>Sha la la la la<br/>)<br/>It's not the way you kiss that tears me apart<br/>,"<br/>'Cause, baby, it's you (<br/>Sha la la la la la la<br/>)<br/>Baby, it's you (<br/>Sha la la la la la la<br/>)<br/>(<br/>Sha la la la la<br/>)<br/>","<br/>You should hear what they say about you, ""cheat,"" ""cheat""<br/>(<br/>Sha la la la la<br/>)<br/>They say, they say you never never never ever been true<br/>(<br/>Cheat, cheat<br/>)",,,,,,,<br/>Sha la la la la la la<br/>Sha la la la la la la<br/>Sha la la la la la la<br/>Sha la la la la<br/>,"<br/>Uh, oh<br/>Many, many, many nights go by<br/>I sit alone at home and I cry over you<br/>What can I do?<br/>Can't help myself<br/>",,,,,,,,,,,,,,,,,,,,,,,,,,,,,,,,,,,,,,,,,,,,,,,,,,,,,,,,,,,,,,,,
9,,,A Day in the Life,"<br/>I read the news today—oh, boy<br/>About a lucky man who made the grade<br/>And though the news was rather sad<br/>Well, I just had to laugh<br/>I saw the photograph<br/>He blew his mind out in a car<br/>He didn't notice that the lights had changed<br/>A crowd of people stood and stared<br/>They'd seen his face before<br/>Nobody was really sure if he was from the House of Lords<br/>","<br/>I saw a film today, oh boy<br/>The English Army had just won the war<br/>A crowd of people turned away<br/>But I just had to look<br/>Having read the book<br/>","<br/>*alarm clock rings*<br/>Woke up, fell out of bed<br/>Dragged a comb across my head<br/>Found my way downstairs and drank a cup<br/>And looking up I noticed I was late<br/>Found my coat and grabbed my hat<br/>Made the bus in seconds flat<br/>Found my way upstairs and had a smoke<br/>And somebody spoke and I went into a dream",,,,,,,,,,,,,<br/>I'd love to turn you on<br/>,,,,,,,,,,,,,,,,,,,,,,,,,,,,,,,,,,,,,,,,,,,,,,,,,,,,,,,,,,,,,,,
10,,,A Taste of Honey,,,,,"<br/>I dream of your first kiss, and then<br/>I feel upon my lips again<br/>A taste of honey (A taste of honey)<br/>Tasting much sweeter than wine<br/>",,"<br/>Yours was the kiss that awoke my heart<br/>There lingers still, though we're far apart<br/>A taste of honey (A taste of honey)<br/>Tasting much sweeter than wine<br/>",,"<br/>I will return, yes I will return<br/>I'll come back for the honey and you<br/>",,,,,<br/>A taste of honey!<br/>Tasting much sweeter than wine<br/>,,,"<br/>I will return, yes I will return<br/>I'll come back (He'll come back) for the honey (for the honey) and you",,,,,,,,,,,,,,,,,,,,,,,,,,,,,,,,,,,,,,,,,,,,,,,,,,,,,,,,,,,,,,
11,,,All You Need Is Love,,,,,"<br/>There's nothing you can do that can't be done<br/>Nothing you can sing that can't be sung<br/>Nothing you can say, but you can learn how to play the game<br/>It's easy<br/>","<br/>All you need is love<br/>All you need is love<br/>All you need is love, love<br/>Love is all you need<br/>Love, love, love<br/>Love, love, love<br/>Love, love, love","<br/>Nothing you can make that can't be made<br/>No one you can save that can't be saved<br/>Nothing you can do, but you can learn how to be you in time<br/>It's easy<br/>",,,,,,,"<br/>Love, love, love<br/>Love, love, love<br/>Love, love, love<br/>",,,,,,,,,,,,,,,,,,,,,,,,,,,,,,,,,,,,,,,,,,,,,,,,,,,,,,,,,,,,,,,,,
12,,,Any Time at All,,,,,"<br/>If you need somebody to love<br/>Just look into my eyes<br/>I'll be there to make you feel right<br/>If you're feeling sorry and sad<br/>I'd really sympathize<br/>Don't you be sad, just call me tonight<br/>","<br/>Any time at all, any time at all<br/>Any time at all, all you've gotta do is call and I'll be there<br/>","<br/>If the sun has faded away<br/>I'll try to make it shine<br/>There's nothing I won't do<br/>When you need a shoulder to cry on<br/>I hope it will be mine<br/>Call me tonight, and I'll come to you<br/>","<br/>Any time at all, any time at all<br/>Any time at all, all you've gotta do is call and I'll be there<br/>",,,,"<br/>Any time at all, any time at all<br/>Any time at all, all you've gotta do is call and I'll be there",,,,,,,,,,,,,,,,,,,,,,,,,,,,,,,,,,,,,,,,,,,,,,,,,,,,,,,,,,,,,,,,,,,
13,,,All My Loving,,,,,<br/>Close your eyes and I'll kiss you<br/>Tomorrow I'll miss you<br/>Remember I'll always be true<br/>And then while I'm away<br/>I'll write home everyday<br/>And I'll send all my loving to you<br/>,,<br/>I'll pretend that I'm kissing<br/>The lips I am missing<br/>And hope that my dreams will come true<br/>And then while I'm away<br/>I'll write home everyday<br/>And I'll send all my loving to you<br/>,,,,<br/>Close your eyes and I'll kiss you<br/>Tomorrow I'll miss you<br/>Remember I'll always be true<br/>And then while I'm away<br/>I'll write home everyday<br/>And I'll send all my loving to you,,,,,,,"<br/>All my loving I will send to you<br/>All my loving, darling I'll be true<br/>",,,,,,,,,,,,,,,,,,,,,,,,,,,,,,,,,,,,,,,,,,,,,,,,,,,,,,,,,,,,,
14,,,Ask Me Why,,,,,"<br/>I love you, 'cause you tell me things I want to know<br/>And it's true that it really only goes to show<br/>That I know that I—I, I, I<br/>Should never, never, never be blue<br/>","<br/>Ask me why, I'll say I love you<br/>And I'm always thinking of you<br/>","<br/>Now you're mine, my happiness still makes me cry<br/>And in time, you'll understand the reason why<br/>If I cry it's not because I'm sad<br/>But you're the only love that I've ever had<br/>",,<br/>I can't believe it's happened to me<br/>I can't conceive of any more—misery<br/>,,"<br/>I love you, 'cause you tell me things I want to know<br/>And it's true that it really only goes to show<br/>That I know that I—I, I, I<br/>Should never, never, never be blue",,,,,,,,,,,,,,,,,,,,,,,,,,,,,,,,,,,,,,,,,,,,,,,,,,,,,,,,,,,,,,,,,,,,
15,,,Bad to Me,,,,,,,,,,,,,,,,,,,,,,,,,,,,,,,,,,,,,,,,,,,,,,,,,,,,,,,,,,,,,,,,,,,,,,,,,,,,,,,
16,,,Act Naturally,,,,,<br/>They're gonna put me in the movies<br/>They're gonna make a big star out of me<br/>We'll make a film about a man that's sad and lonely<br/>And all I gotta do is act naturally<br/>,"<br/>Well I'll bet you I'm gonna be a big star<br/>Might win an Oscar, you can never tell<br/>The movies gonna make me a big star<br/>'Cause I can play the part so well<br/>",<br/>Well I hope you'll come and see me in the movies<br/>Then I know that you will plainly see<br/>The biggest fool that ever hit the big time<br/>And all I gotta do is act naturally<br/>,"<br/>Well I'll bet you I'm gonna be a big star<br/>Might win an Oscar, you can never tell<br/>The movies gonna make me a big star<br/>'Cause I can play the part so well",,,<br/>We'll make the scene about a man that's sad and lonely<br/>And begging down upon his bended knee<br/>I'll play the part and I won't need rehearsing<br/>All I have to do is act naturally<br/>,,,,,,,,,,,,,,,,,,,,,,,,,,,,,,,,,,,,,,,,,,,,,,,,,,,,,,,,,,,,,,,,,,,,
17,,,Anna (Go to Him),,,,,"<br/>Anna<br/>You come and ask me, girl<br/>To set you free, girl<br/>You say he loves you more than me, so I will set you free<br/>Go with him (Anna)<br/>Go with him (Anna)<br/>","<br/>All of my life<br/>I've been searching for a girl<br/>To love me like I love you<br/>Oh, now, but every girl I've ever had<br/>Breaks my heart and leaves me sad<br/>What am I, what am I supposed to do?<br/>Oh-oh-oh-oh-oh-oh<br/>","<br/>Anna<br/>Girl, before you go now<br/>I want you to know, now<br/>That I still love you so, but if he loves you more<br/>Go with him<br/>",,,,"<br/>Anna<br/>Just one more thing, girl<br/>You give back your ring to me, and I will set you free<br/>Go with him",,,,,,,,,,,,,,,,,,,,,,,,,,,,,,,,,,,,,,,,,,,,,,,,,,,,,,,,,,,,,,,,,,,,
18,,,Bad Boy,,,,,,,,,"<br/>Ooh!<br/>Gonna tell your mama you better do what she said<br/>Get to the barber shop and get that hair cut off your head<br/>Shoot the canary and you fed it to the neighbor's cat<br/>You gave the cocker spaniel a bath in mother's laundromat<br/>Well, in mama's head it's got to stop<br/>Junior's head is hard as rock<br/>Now, junior, behave yourself",,,,,"<br/>A bad little kid moved into my neighborhood<br/>He won't do nothing right, just sitting down and looks so good<br/>He don't want to go to school and learn to read and write<br/>Just sits around the house and plays the rock and roll music all night<br/>Well, he put some tacks on teacher's chair<br/>Puts chewing gum in little girl's hair<br/>Now, junior, behave yourself<br/>Buy every rock and roll book on the magazine stand<br/>Every dime that he gets (oh) is lost to the jukebox man<br/>Well he worries his teacher till at night she's ready to poop<br/>From rocking and a-rolling to spinning in a hula hoop<br/>Well this rock and roll has got to stop<br/>Junior's head is hard as rock<br/>Now, junior, behave yourself<br/>Ooh!<br/>",,,,,,,,,,,,,,,,,,,,,,,,,,,,,,,,,,,,,,,,,,,,,,,,,,,,,,,,,,,,,,,,,
19,,,Because I Know You Love Me So,,,,,,,,,,,,,,,,,,,,,,,,,,,,,,,,,,,,,,,,,,,,,,,,,,,,,,,,,,,,,,,,,,,,,,,,,,,,,,,
20,,,Blackbird,,,,,<br/>Blackbird singing in the dead of night<br/>Take these broken wings and learn to fly<br/>All your life<br/>You were only waiting for this moment to arise<br/>,"<br/>Blackbird fly, blackbird fly<br/>Into the light of the dark black night<br/>",<br/>Blackbird singing in the dead of night<br/>Take these sunken eyes and learn to see<br/>All your life<br/>You were only waiting for this moment to be free<br/>,"<br/>Blackbird fly, blackbird fly<br/>Into the light of the dark black night<br/>",,,<br/>Blackbird singing in the dead of night<br/>Take these broken wings and learn to fly<br/>All your life<br/>You were only waiting for this moment to arise<br/>,,,,,,,,<br/>,<br/>You were only waiting for this moment to arise<br/>You were only waiting for this moment to arise,,,,,,,,,,,,,,,,,,,,,,,,,,,,,,,,,,,,,,,,,,,,,,,,,,,,,,,,,,,
21,,,A Shot Of Rhythm And Blues,,,,,,,,,,,,,,,,,,<br/>You get a shot of rhythm and blues<br/>With just a little rock and roll on the side<br/>Just for good measure<br/>,,,"<br/>Well, if your hands start a-clapping<br/>And your fingers start a-popping<br/>And your feet start a-moving around<br/>And if you start to swing and sway<br/>When the band starts to play<br/>A real cool way out sound<br/>And if you get to can't help it<br/>And you can't sit down<br/>You feel like you gotta move a round<br/>","<br/>Get a pair of dancing shoes<br/>Well, with your lover by your side<br/>Don't you know you're going to have a lot of pleasure?<br/>","<br/>Don't you worry about a thing if you start to dance and sing<br/>And chills coming up on you<br/>And if the rhythm finally gets you and the beat gets you too<br/>Well, here's something for you to do",,,,,,,,,,,,,,,,,,,,,,,,,,,,,,,,,,,,,,,,,,,,,,,,,,,,,,,,
22,,,Ain’t She Sweet (Anthology 1 version),,,,,<br/>Oh ain't she sweet?<br/>Well see her walking down that street<br/>Yes I ask you very confidentially<br/>Ain't she sweet?<br/>,,"<br/>Oh ain't she nice?<br/>Well look her over once or twice<br/>Yes I ask you, very confidentially<br/>Ain't she nice?<br/>",,,,"<br/>Oh I repeat<br/>Well don't you think that's kind of neat?<br/>Yes I ask you, very confidentially<br/>Ain't she sweet?<br/>",,,,,,,"<br/>Just cast an eye<br/>In her direction<br/>Oh me, oh my<br/>Ain't that perfection?<br/>",,,,,,"<br/>Oh ain't she sweet?<br/>Well see her walking down that street?<br/>Yes I ask you, very confidentially<br/>Ain't she sweet?",,,,,,,,,,,,,,,,,,,,,,,,,,,,,,,,,,,,,,,,,,,,,,,,,,,,,,,
23,,<br/>,And Your Bird Can Sing,,,,,<br/>You tell me that you've got everything you want<br/>And your bird can sing<br/>But you don't get me<br/>You don't get me<br/>,,<br/>You say you've seen seven wonders<br/>And your bird is green<br/>But you can't see me<br/>You can't see me<br/>,,,,,,,,,,,,,,,,,,"<br/>When your prized possessions<br/>Start to weigh you down<br/>Look in my direction<br/>I'll be 'round, I'll be 'round<br/>","<br/>When your bird is broken<br/>Will it bring you down?<br/>You may be awoken<br/>I'll be 'round, I'll be 'round",,,,,,,,,,,,,,,,,,,,,,,,,,,,,,,,,,,,,,,,,,,,,,,,,,,,,
24,,,Beautiful Dreamer,,,,,,,,,,,,,,,,,,,,,,,,,,,,,,,,,,,,,,,,,,,,,,,,,,,,,,,,,,,,,,,,,,,,,,,,,,,,,,,
25,,,Birthday,,,,,,,,,,,,,,,,,,,,,,,,,,,"<br/>They say it's your birthday<br/>Well, it's my birthday too, yeah<br/>They say it's your birthday<br/>We're gonna have a good time<br/>I'm glad it's your birthday<br/>Happy birthday to you<br/>","<br/>One, two, three, four, five, six, seven, eight!<br/>","<br/>Yes, we're going to a party, party<br/>Yes, we're going to a party, party<br/>Yes, we're going to a party, party<br/>","<br/>I would like you to dance (Birthday)<br/>Take a cha-cha-cha-chance (Birthday)<br/>I would like you to dance (Birthday)<br/>Dance, yeah, woo, come on (Come on)<br/>",<br/>,"<br/>I would like you to dance (Birthday)<br/>Take a cha-cha-cha-chance (Birthday)<br/>I would like you to dance (Birthday)<br/>Woo, dance! Dance!",,,,,,,,,,,,,,,,,,,,,,,,,,,,,,,,,,,,,,,,,,,,,,,
26,,,Because,,,,,"<br/>Because the world is round, it turns me on<br/>Because the world is round<br/>Ahh<br/>",,"<br/>Because the wind is high, it blows my mind<br/>Because the wind is high<br/>Ahh<br/>",,"<br/>Love is old, love is new<br/>Love is all, love is you<br/>",,"<br/>Because the sky is blue, it makes me cry<br/>Because the sky is blue<br/>",,,<br/>Ahh<br/>,,,,,,"<br/>Ah-ah-ah-ah-ah<br/>Ah, ahh-ah, ahh-ah-ah<br/>Ah-ah-ah-ah-ah-ah<br/>Ah, ahh, ahh, ahh<br/>Ahh<br/>Ah-ah-ah-ah-ah<br/>Ahh",,,,,,,,,,,,,,,,,,,,,,,,,,,,,,,,,,,,,,,,,,,,,,,,,,,,,,,,,,,
27,,,Boys,,,,,"<br/>I been told when a boy kiss a girl<br/>Take a trip around the world<br/>Hey, hey <br/>(Bop shuop, m'bop bop shuop)<br/>Hey, hey <br/>(Bop shuop, m'bop bop shuop)<br/>Hey, hey <br/>(Bop shuop)<br/>Yeah, she say you do <br/>(Bop shuop)<br/>","<br/>Well, I talk about boys <br/>(Yeah, yeah, boys)<br/>Don't ya know I mean boys? <br/>(Yeah, yeah, boys)<br/>Well, I talk about boys, now <br/>(Yeah, yeah, boys)<br/>Aaah, boys <br/>(Yeah, yeah, boys)<br/>Well, I talk about boys, now <br/>(Yeah, yeah, boys)<br/>What a bundle of joy! <br/>(Yeah, yeah, boys)<br/>Alright, George!<br/>","<br/>My girl says when I kiss her lips<br/>Gets a thrill through her fingertips<br/>Hey, hey <br/>(Bop shuop, m'bop bop shuop)<br/>Hey, hey <br/>(Bop shuop, m'bop bop shuop)<br/>Hey, hey <br/>(Bop shuop)<br/>Yeah, she say you do <br/>(Bop shuop)<br/>",,,,,,,,,,,,,,,,,,,,,,,,,,,,,,,,,,,,,,,,,,,,,,,,,,,,,,,,,,,,,,,,,,,,,,,,
28,,,Carol,,,,,"<br/>Well come into my machine<br/>So we can move on out<br/>I know a jumping little joint<br/>Where we can jump and shout<br/>It's not too far back on the highway<br/>Not too long a ride<br/>Well you take your car along<br/>And you park it outside<br/>A little cutie takes your hat<br/>And you can thank her, ma'am<br/>Well every time you're going to drive<br/>You find the joint is jammed<br/>","<br/>Oh Carol, don't let him<br/>Steal your heart away<br/>Well I've got to learn to dance<br/>If it takes me all night and day<br/>","<br/>Well if you want to hear some music<br/>Like the boys all play<br/>Hold tight, tap your foot<br/>Don't let it carry you away<br/>Don't let the heat overcome you<br/>Because they play so loud<br/>While the music will treat you<br/>When they get a crowd<br/>Well you can dance<br/>I know you will, you thought<br/>I got my eyes on you baby<br/>Because you dance so good",<br/>,,,,,,,,,,,,,,,,,,,,,,,,,,,,,,,,,,,,,,,,,,,,,,,,,,,,,,,,,,,,,,,,,,,,,,,
29,,,Baby’s in Black,,,,,"<br/>She thinks of him and so she dresses in black<br/>And though he'll never come back,<br/> she's dressed in black<br/>","<br/>Oh dear, what can I do?<br/>Baby's in black and I'm feeling blue<br/>Tell me, oh what can I do?<br/>","<br/>I think of her, but she thinks only of him<br/>And though it's only a whim, she thinks of him<br/>","<br/>Oh dear, what can I do?<br/>Baby's in black and I'm feeling blue<br/>Tell me, oh what can I do?<br/>",<br/>Oh how long will it take<br/>Till she sees the mistake she has made?<br/>,,,"<br/>Dear what can I do?<br/>Baby's in black and I'm feeling blue<br/>Tell me, oh what can I do?",,,,,,,,,,,,,,,,,,,,,,,,,,,,,,,,,,,,,,,,,,,,,,,,,,,,,,,,,,,,,,,,,,,
30,,,Carry That Weight,,,,,,"<br/>Boy, you're gonna carry that weight<br/>Carry that weight a long time<br/>Boy, you're gonna carry that weight<br/>Carry that weight a long time<br/>",,"<br/>Boy, you're gonna carry that weight<br/>Carry that weight a long time<br/>Boy, you're gonna carry that weight<br/>Carry that weight a long time<br/>",,,,,,,,,,,,,<br/>I never give you my pillow<br/>I only send you my invitations<br/>And in the middle of the celebrations<br/>I break down<br/>,,,,,,,,,,,,,<br/>,,,,,,,,,,,,,,,,,,,,,,,,,,,,,,,,,,,,,,,,,,,,,
31,,,Chains,,,,,"<br/>I wanna tell you, pretty baby<br/>I think you're fine<br/>I'd like to love you<br/>But, darlin', I'm imprisoned by these<br/>","<br/>Chains, my baby's got me locked up in chains<br/>And they ain't the kind that you can see<br/>Whoa, these chains of love got a hold on me, yeah<br/>Chains, well I can't break away from these chains<br/>Can't run around, 'cause I'm not free<br/>Whoa, oh, these chains of love won't let me be, yeah<br/>",<br/>Please believe me when I tell you<br/>Your lips are sweet<br/>I'd like to kiss them<br/>But I can't break away from all of these<br/>,"<br/>Chains, my baby's got me locked up in chains<br/>And they ain't the kind that you can see<br/>Whoa, oh, these chains of love got a hold on me, yeah<br/>",,,,"<br/>Chains, my baby's got me locked up in chains<br/>And they ain't the kind that you can see<br/>Whoa, oh, these chains of love got a hold on me, yeah",,,,,,,,,,,,,,,,,,,,,,,,,,,,,,,,,,,,,,,,,,,,,,,,,,,,,,,,,,,,,,,,,,,
32,<br/>Red light<br/>,,Come and Get It (Studio Demo),,,,,"<br/>If you want it, here it is<br/>Come and get it<br/>Make your mind up fast<br/>",<br/>Did I hear you say that there must be a catch?<br/>Will you walk away from a fool and his money?<br/>,"<br/>If you want it, any time<br/>I can give it<br/>But you better hurry because it may not last<br/>",,,,"<br/>If you want it, here it is<br/>Come and get it<br/>But you better hurry because it's going fast<br/>",,,,,,,,,,,,,,,,,,,,,,,,,<br/>Demo take one<br/>,"<br/>If you want it, here it is<br/>Come and get it<br/>Make your mind up fast",,,,,,,,,,,,,,,,,,,,,,,,,,,,,,,,,,,,,,,,,,
33,,,Blue Jay Way,,,,,"<br/>There's a fog upon L.A<br/>And my friends have lost their way<br/>""We'll be over soon,"" they said<br/>Now, they've lost themselves instead<br/>","<br/>Please, don't be long<br/>Please, don't you be very long<br/>Please, don't be long<br/>For I may be asleep<br/>","<br/>Well, it only goes to show<br/>And I told them where to go<br/>Ask a policeman on the street<br/>There's so many there to meet<br/>","<br/>Please, don't be long (Don't be long)<br/>Please, don't you be very long (Don't be long)<br/>Please, don't be long<br/>Or I may be asleep<br/>",,,"<br/>Now, it's past my bed I know (Know)<br/>And I'd really like to go (Go)<br/>Soon will be the break of day (Day)<br/>Sitting here in Blue Jay Way (Way)",,,,,,,,,,,,,,,,,,,,,,,,,,,,,,,,,,,,,,,,,,,,,,,,,,,,,,,,,,,,,,,,,,,,
34,,,Christmas Time (Is Here Again),,,,,,,,,,,,,,,,,,,,,,,,,,,,,,,,,,,,,,,,,,,,,,,,,,,,,,,,,,,,,,,,,,,,,,,,,,,,,,,
35,,,Come Together,,,,,"<br/>Here come old flat-top, he come groovin' up slowly<br/>He got ju-ju eyeball,<br/> <br/>he one holy roller<br/>He got hair down to his knee<br/>Got to be a joker, he just do what he please<br/>","<br/>Come together, right now<br/>Over me","<br/>He wear no shoeshine, he got toe-jam football<br/>He got monkey finger, he shoot Coca-Cola<br/>He say, ""I know you, you know me""<br/>One thing I can tell you is you got to be free<br/>",,,,,,,<br/>Shoot me<br/>Shoot me<br/>Shoot me<br/>Shoot me<br/>,,,,,,,,,,,,,,,,,,,,,,,,<br/>Shoot me<br/>Shoot me<br/>Shoot me<br/>Shoot me<br/>,,,,,,,,,,,,,,,,,,,,,,,,,,,,,,,,,,,,,,,,,
36,,,Day Tripper,,,,,,,,,,,,,,,,,,,,,,,,,,,,,,,,,,,,,,,"<br/>Got a good reason<br/>For taking the easy way out<br/>Got a good reason<br/>For taking the easy way out, now<br/>","<br/>She was a day tripper<br/>A one way ticket, yeah<br/>It took me so long<br/>To find out, and I found out<br/>","<br/>She's a big teaser<br/>She took me half the way there<br/>She's a big teaser<br/>She took me half the way there, now<br/>","<br/>She was a day tripper<br/>A one way ticket, yeah<br/>It took me so long<br/>To find out, and I found out<br/>",,,,,,,,,,,,,,,,,,,,,,,,,,,,,,,,,,,,,
37,,,Devil in Her Heart,,,,,"<br/>I'll take my chances, for romance is<br/>So important to me<br/>She'll never hurt me, she won't desert me<br/>She's an angel sent to me<br/>","<br/>(She's got the devil in her heart)<br/>But her eyes, they tantalize<br/>(She's going to tear your heart apart)<br/>Oh, her lips, they really thrill me<br/>","<br/>I can't believe that she'll ever, ever go<br/>Not when she hugs me and says she loves me so<br/>She'll never hurt me, she won't desert me<br/>Listen, can't you see?<br/>","<br/>(She's got the devil in her heart)<br/>No, no, this I can't believe<br/>(She's going to tear your heart apart)<br/>No, no, nay will she deceive<br/>",,,,"<br/>(She's got the devil in her heart)<br/>Oh, no, no, no, this I can't believe<br/>(She's going to tear your heart apart)<br/>No, no, nay will she deceive",,,,,,,,,,,,,,,,,,,,,,,,,,,,,,,,,,,,,,,,,,,,,,,,,,,,,,,,,,,,,,,,,,,
38,,,Dig It,,,,,,,,,,,,,,,,,,,,,"<br/>Like a rolling stone<br/>Like a rolling stone<br/>Like a rolling stone<br/>Like the FBI<br/>And the CIA<br/>And the BBC<br/>B.B. King<br/>And <br/>Doris Day<br/>Matt Busby<br/>, dig it, <br/>dig it<br/>Dig it, dig it, dig it<br/>",,,,,,,,,,,,,,,,,,,,,,,"<br/>That was ""Can You Dig It"" by <br/>Georgie Wood<br/>And now we'd like to do <br/>""Hark the Angels Come""",,,,,,,,,,,,,,,,,,,,,,,,,,,,,,,,,,,
39,,,Can’t Buy Me Love,,,,,"<br/>I'll buy you a diamond ring, my friend<br/>If it makes you feel alright<br/>I'll get you anything, my friend<br/>If it makes you feel alright<br/>'Cause I don't care too much for money<br/>Money can't buy me love<br/>","<br/>Can't buy me love, everybody tells me so<br/>Can't buy me love, no-no-no, no!<br/>",<br/>I'll give you all I've got to give<br/>If you say you love me too<br/>I may not have a lot to give<br/>But what I got I'll give to you<br/>I don't care too much for money<br/>Money can't buy me love<br/>,,,,<br/>Say you don't need no diamond rings<br/>And I'll be satisfied<br/>Tell me that you want the kind of things<br/>That money just can't buy<br/>I don't care too much for money<br/>Money can't buy me love<br/>Ow!,,,"<br/>Can't buy me love, love<br/>Can't buy me love<br/>",,,,,,,,,,,,,,,,,,,,,,,,,,,,,,,,,,,,,,,,,,,,,,,,,,,,,,,,,,,,,,,,,
40,,,Child of Nature,,,,,,,,,,,,,,,,,,,,,,,,,,,,,,,,,,,,,,,,,,,,,,,,,,,,,,,,,,,,,,,,,,,,,,,,,,,,,,,
41,,,Dig a Pony,,,,,"<br/>I dig a pony<br/>Well, you can celebrate anything you want<br/>Yes, you can celebrate anything you want<br/>Oh!<br/>I do a <br/>road hog<br/>Well, you can penetrate any place you go<br/>Yes, you can penetrate any place you go<br/>I told you so<br/>",<br/>All I want is you<br/>Everything has got to be just like you want it to<br/>Because<br/>,"<br/>I pick a moon dog<br/>Well, you can radiate everything you are<br/>Yes, you can radiate everything you are<br/>Oh, now<br/>I roll a stoney<br/>Well, you can imitate everyone you know<br/>Yes, you can imitate everyone you know<br/>I told you so<br/>",<br/>All I want is you<br/>Everything has got to be just like you want it to<br/>Because,,,,,,,,,,,,,,,,,,,,,,,,,,,,,,,,,,,,,,,,,,,,,,,,,,,,,,,,,,,,,,,,,,,,,,,
42,,,Doctor Robert,,,,,"<br/>Ring, my friend I said you'd call<br/>Doctor Robert<br/>Day or night he'll be there any time at all<br/>Doctor Robert<br/>",,<br/>If you're down he'll pick you up<br/>Doctor Robert<br/>Take a drink from his special cup<br/>Doctor Robert<br/>,,,,,,,,,,,<br/>Doctor Robert<br/>You're a new and better man<br/>He helps you to understand<br/>He does everything he can<br/>Doctor Robert<br/>,,,,<br/>Doctor Robert<br/>He's a man you must believe<br/>Helping anyone in need<br/>No one can succeed like<br/>Doctor Robert,,,,,,,,,,,,,,,,,,,,,,,,,,,,,,,,,,,,,,,,,,,,,,,,,,,,,,,,,
43,,,Don’t Ever Change,,,,,"<br/>You never wear a stitch of lace<br/>Your powder's never on your face<br/>You're always wearing jeans except on Sunday<br/>So, please, don't ever change<br/>Now, don't you ever change<br/>I kind of like you just the way you are<br/>",,"<br/>You don't know the latest dance<br/>But when it's time to make romance<br/>Your kisses let me know you're not a tomboy<br/>So, please, don't ever change<br/>Now, don't you ever change<br/>Just promise me you're always going to be<br/>As sweet as you are<br/>",,"<br/>I love you when you're happy<br/>I love you when you're blue<br/>I love you when you're mad at me<br/>So, how can I get tired of you?<br/>",,"<br/>Now, lots of other girls I've seen<br/>They know how to treat guys mean<br/>But you would rather die than ever hurt me<br/>So, please, don't ever change<br/>Now, don't you ever change<br/>Just promise me you're always going to be<br/>As sweet as you are",,,,,,,,,,,,,,,,,,,,,,,,,,,,,,,,,,,,,,,,,,,,,,,,,,,,,,,,,,,,,,,,,,,,
44,,,Drive My Car,,,,,"<br/>Asked a girl what she wanted to be<br/>She said baby, can't you see<br/>I wanna be famous, a star on the screen<br/>But you can do something in between<br/>","<br/>Baby, you can drive my car<br/>Yes, I'm gonna be a star<br/>Baby, you can drive my car<br/>And maybe I'll love you<br/>","<br/>I told that girl that my prospects were good<br/>And she said baby, it's understood<br/>Working for peanuts is all very fine<br/>But I can show you a better time<br/>","<br/>Baby, you can drive my car<br/>Yes, I'm gonna be a star<br/>Baby, you can drive my car<br/>And maybe I'll love you<br/>Beep beep'm beep beep yeah!",,,,,,,,,,,,,,,,,,,,,,,,,,,,,,,,,,,,,,,,,,,,,,,,,,,,,,,,,,,,,,,,,,,,,,,
45,,,Clarabella,,,,,"<br/>Well, I got a baby crazy for me<br/>Yeah, I got a baby won't let me be<br/>Who, baby baby, Clarabella<br/>Baby baby, Clarabella<br/>Baby baby, wo wo, yeah uh<br/>Well, she needs no coaching on making love<br/>All she needs is the stars up above<br/>Who, baby baby, Clarabella<br/>Baby baby, Clarabella<br/>Baby baby, wo wo, yeah uh<br/>Ahh! Woo hoo<br/>","<br/>Well now, Clarabella<br/>You're my honey, Clarabella<br/>Ooh yeah now, Clarabella<br/>I said you're my baby<br/>Clarabella<br/>Yeah, Clarabella, baby<br/>Wo wo, yeah yeh<br/>","<br/>Well, she's got no time for a dungeries<br/>Already knows her ABC's<br/>Who, baby baby, Clarabella<br/>Baby baby, Clarabella<br/>Baby baby, wo wo, yeah yeh<br/>Ahh ow! Woo",,,,,,,,,,,,,,,,,,,,,,,,,,,,,,,,,,,,,,,,,,,,,,,,,,,,,,,,,,,,,,,,,,,,,,,,
46,,,Don’t Bother Me,,,,,"<br/>Since she's been gone<br/>I want no one to talk to me<br/>It's not the same, but I'm to blame, it's plain to see<br/>So go away, leave me alone<br/>Don't bother me<br/>",,"<br/>I can't believe that she would leave me on my own<br/>It's just not right, when every night I'm all alone<br/>I've got no time for you right now<br/>Don't bother me<br/>",,<br/>I know I'll never be the same<br/>If I don't get her back again<br/>Because I know she'll always be<br/>The only girl for me<br/>,,"<br/>But till she's here<br/>Please, don't come near, just stay away<br/>I'll let you know when she's come home until that day<br/>Don't come around, leave me alone<br/>Don't bother me",,,,,,,,,,,,,,,,,,,,,,,,,,,,,,,,,,,,,,,,,,,,,,,,,,,,,,,,,,,,,,,,,,,,
47,,,Eight Days a Week,"<br/>Ooh, I need your love, babe<br/>Guess you know it's true<br/>Hope you need my love, babe<br/>Just like I need you<br/>","<br/>Love you everyday, girl<br/>Always on my mind<br/>One thing I can say girl<br/>Love you all the time<br/>",,,,,,,,,,,,<br/>,,,,,,,,,,,,,,,,,,,,,,,,,,,,,,,"<br/>Hold me, love me<br/>Hold me, love me<br/>I ain't got nothing but love, babe<br/>Eight days a week<br/>","<br/>Hold me, love me<br/>Hold me, love me<br/>I ain't got nothing but love, girl<br/>Eight days a week",,,,,,,,,,,,,,,,,,,,,,,,,,,,,,,,,
48,,,Every Little Thing,,,,,"<br/>When I'm walking beside her<br/>People tell me I'm lucky<br/>Yes, I know I'm a lucky guy<br/>I remember the first time<br/>I was lonely without her<br/>Can't stop thinking about her now<br/>","<br/>Every little thing she does<br/>She does for me, yeah<br/>And you know the things she does<br/>She does for me, oooh<br/>","<br/>When I'm with her I'm happy<br/>Just to know that she loves me<br/>Yes, I know that she loves me now<br/>There is one thing I'm sure of<br/>I will love her forever<br/>For I know love will never die<br/>","<br/>Every little thing she does<br/>She does for me, yeah<br/>And you know the things she does<br/>She does for me, oooh",,,,,,<br/>,,,,,,,,,,,,,,,,,,,,,,,,,,,,,,,,,,,,,,,,,,,,,,,,,,,,,,,,,,,,,,,,,
49,,,Cry Baby Cry,,,,,<br/>The king of Marigold was in the kitchen<br/>Cooking breakfast for the queen<br/>The queen was in the parlour<br/>Playing piano for the children of the king<br/>,<br/>Cry baby cry<br/>Make your mother sigh<br/>She's old enough to know better<br/>So cry baby cry<br/>,<br/>The king was in the garden<br/>Picking flowers for a friend who came to play<br/>The queen was in the playroom<br/>Painting pictures for the children's holiday<br/>,<br/>Cry baby cry<br/>Make your mother sigh<br/>She's old enough to know better<br/>So cry baby cry,,,,,,<br/>Cry baby cry<br/>Make your mother sigh<br/>She's old enough to know better<br/>,,,,,,,,,,,,,,,,,,,,,,,,,,,,,,,,,,,,,,,,,,,,,,,,,,,,,,,,,,,,,,,,,
50,,,Dear Prudence,,,,,"<br/>Dear Prudence<br/>Won't you come out to play?<br/>Dear Prudence<br/>Greet the brand new day, hey<br/>The sun is up, the sky is blue<br/>It's beautiful, and so are you<br/>Dear Prudence<br/>Won't you come out to play?<br/>",,"<br/>Dear Prudence<br/>Open up your eyes<br/>Dear Prudence<br/>See the sunny skies<br/>The wind is low, the birds will sing<br/>That you are part of everything<br/>Dear Prudence<br/>Won't you open up your eyes?<br/>",,"<br/>Look around, round, round<br/>Look around, round, round<br/>Look around",,,,,<br/>,,,,,,,,,,,,,,,,,,,,,,,,,,,,,,,,,,,,,,,,,,,,,,,,,,,,,,,,,,,,,,,,,
51,,,Don’t Pass Me By,,,,,"<br/>I listen for your footsteps coming up the drive<br/>Listen for your footsteps, but they don't arrive<br/>Waiting for your knock, dear, on my old front door<br/>I don't hear it--does it mean you don't love me any more?<br/>","<br/>Don't pass me by, don't make me cry, don't make me blue<br/>'Cause you know, darling, I love only you<br/>You'll never know it hurt me so, how I hate to see you go<br/>Don't pass me by<br/>Don't make me cry<br/>","<br/>I hear the clock a'ticking on the mantel shelf<br/>See the hands a'moving, but I'm by myself<br/>I wonder where you are tonight, and why I'm by myself<br/>I don't see you, does it mean you don't love me any more?<br/>","<br/>Don't pass me by, don't make me cry, don't make me blue<br/>'Cause you know, darling, I love only you<br/>You'll never know it hurt me so, I'll hate to see you go<br/>Don't pass me by<br/>Don't make me cry",,,"<br/>I'm sorry that I doubted you, I was so unfair<br/>You were in a car crash, and you lost your hair<br/>You said that you would be late, about an hour or two<br/>I said that's alright, I'm waiting here, just waiting to hear from you<br/>",,,,,,,,,,,,,,,,,,,,,,,,,,,,,,,,,,,,,,,,,,,,,,,,,,,,,,,,,,,,,,,,,,,,
52,,,Everybody’s Got Something to Hide Except Me and My Monkey,,,,,"<br/>Come on, come on, come on, come on<br/>Come on, it's such a joy, come on, it's such a joy<br/>Come on, let's take it easy, come on let's take it easy<br/>",<br/>Take it easy<br/>Take it easy<br/>Everybody's got something to hide<br/>Except for me and my monkey<br/>Woo!<br/>,"<br/>The deeper you go, the higher you fly<br/>The higher you fly, the deeper you go<br/>So come on, come on<br/>Come on, it's such a joy, come on, it's such a joy<br/>Come on, let's make it easy, come on, let's take it easy<br/>","<br/>Take it easy<br/>Take it easy<br/>Everybody's got something to hide<br/>Except for me and my monkey, yeah<br/>Oh!",,,,,,,,,,,,,,,,,,,,,,,,,,,,,,,,,,,,,,,,,,,,,,,,,,,,,,,,,,,,,,,,,,,,,,,
53,,,From Me to You,,,,,,,,,,,,,,,,,,,,,,,,,,,,,,,,,,,,,,,,,,,,,,,<br/>Da da da da da dum dum da<br/>Da da da da da dum dum da<br/>,"<br/>If there's anything that you want<br/>If there's anything I can do<br/>Just call on me and I'll send it along<br/>With love, from me to you<br/>","<br/>I've got everything that you want<br/>Like a heart that's oh so true<br/>Just call on me and I'll send it along<br/>With love, from me to you<br/>","<br/>I got arms that long to hold you<br/>And keep you by my side<br/>I got lips that long to kiss you<br/>And keep you satisfied, <br/>oooh<br/>","<br/>If there's anything that you want<br/>If there's anything I can do<br/>Just call on me and I'll send it along<br/>With love, from me to you",,,,,,,,,,,,,,,,,,,,,,,,,,,,
54,,,Get Back,,,,,,,,,,,,,,,,,,,,,,,,,,,,,,,,,,,,,,,,"<br/>Get back, get back<br/>Back to where you once belonged<br/>Get back, get back<br/>Back to where you once belonged<br/>Get back, Jo",,,,,,,,,,,,"<br/>Rosetta...<br/>Sweet Loretta Fart she thought she was a cleaner<br/>But she was a frying pan<br/>Sweet Rosetta Martin... Rosetta<br/>The picker, the picker, picture the fingers burning<br/>Ooh<br/>Okay<br/>","<br/>Jojo was a man who thought he was a loner<br/>But he knew it couldn't last<br/>Jojo left his home in Tucson, Arizona<br/>For some California grass<br/>","<br/>Get back, get back<br/>Get back to where you once belonged<br/>Get back, get back<br/>Get back to where you once belonged<br/>Get back, Jojo<br/>",<br/>Go home<br/>,,,,,,,,,,,,,,,,,,,,,,,,
55,,,Girl,"<br/>Is there anybody going to listen to my story<br/>All about the girl who came to stay?<br/>She's the kind of girl you want so much, it makes you sorry<br/>Still, you don't regret a single day<br/>",<br/>When I think of all the times I've tried so hard to leave her<br/>She will turn to me and start to cry<br/>And she promises the Earth to me and I believe her<br/>After all this time I don't know why<br/>,,,,,,,,,,,,,,,,,,,,,,,,,,,,,,,,,,,,,,,,,,,,,,,,,,,,,,"<br/>Ah, girl<br/>Girl, girl<br/>","<br/>Ah, girl<br/>Girl, girl<br/>","<br/>She's the kind of girl who puts you down<br/> <br/>(<br/>Tit, tit, tit, tit, tit, tit, tit, tit<br/>)<br/>When friends are there, you feel a fool<br/> <br/>(<br/>Tit, tit, tit, tit, tit, tit, tit, tit<br/>)<br/>(<br/>Tit, tit, tit, tit, tit, tit, tit, tit, tit, tit, tit, tit, tit, tit, tit, tit<br/>)<br/>When you say she's looking good<br/> <br/>(<br/>Tit, tit, tit, tit, tit, tit, tit, tit<br/>)<br/>She acts as if it's understood<br/> <br/>(<br/>Tit, tit, tit, tit, tit, tit, tit, tit<br/>)<br/>She's cool, ooh, ooh, ooh<br/> <br/>(<br/>Tit, tit, tit, tit, tit, tit, tit, tit, tit, tit, tit, tit, tit, tit, tit, tit<br/>)",,,,,,,,,,,,,,,,,,,,,
56,,,Glass Onion,,,,,<br/>I told you 'bout Strawberry Fields<br/>You know the place where nothing is real<br/>Well here's another place you can go<br/>Where everything flows<br/>,,"<br/>I told you 'bout the walrus and me, man<br/>You know that we're as close as can be, man<br/>Well, here's another clue for you all<br/>The walrus was Paul<br/>",,"<br/>Oh yeah, oh yeah, oh yeah<br/>Looking through a glass onion",,,,,,,,,,,,,,,,,,,,,,,,,,,,,,,,,,,,,,,,,,,,,,,,,,<br/>Looking through the bent back tulips<br/>To see how the other half lives<br/>Looking through a glass onion<br/>,"<br/>Standing on the cast iron shore, yeah<br/>Lady Madonna trying to make ends meet, yeah<br/>Looking through a glass onion<br/>",,,,,,,,,,,,,,,,,,,
57,,,Good Day Sunshine,,,,,"<br/>I need to laugh, and when the sun is out<br/>I've got something I can laugh about<br/>I feel good, in a special way<br/>I'm in love and it's a sunny day<br/>",<br/>Good day sunshine<br/>Good day sunshine<br/>Good day sunshine<br/>,"<br/>We take a walk, the sun is shining down<br/>Burns my feet as they touch the ground<br/>",<br/>Good day sunshine<br/>Good day sunshine<br/>Good day sunshine<br/>,,,"<br/>And then we lie, beneath a shady tree<br/>I love her and she's loving me<br/>She feels good, she knows she's looking fine<br/>I'm so proud to know that she is mine",<br/>Good day sunshine<br/>Good day sunshine<br/>Good day sunshine<br/>,,,,,,,,,,,,,,,,,,,,,,,,,,,,,,,,,,,,,,,,,,,,,,,,,,,,,,,,,,,,,,,,,,,
58,,,Good Night,,,,,"<br/>Now it's time to say good night<br/>Good night, sleep tight<br/>Now the sun turns out his light<br/>Good night, sleep tight<br/>",,"<br/>Close your eyes and I'll close mine<br/>Good night, sleep tight<br/>Now the moon begins to shine<br/>Good night, sleep tight<br/>",,<br/>Dream sweet dreams for me (Dream sweet)<br/>Dream sweet dreams for you (Dream sweet dreams)<br/>,,,,,,,,<br/>Dream sweet dreams for me (Dream sweet)<br/>Dream sweet dreams for you (Dream sweet dreams)<br/>,,,,,,,,,,,,,,,,,,,,,,,,,,,,,,,,,,,,,,,,,,,,<br/>Mmm<br/>,"<br/>Close your eyes and I'll close mine<br/>Good night, sleep tight<br/>Now the sun turns out his light<br/>Good night, sleep tight",,,,,,,,,,,,,,,,,
59,,,Got to Get You into My Life,,,,,"<br/>I was alone, I took a ride<br/>I didn't know what I would find there<br/>Another road where maybe I<br/>Could see another kind of mind there<br/>Ooh, then I suddenly see you<br/>Ooh, did I tell you I need you<br/>Every single day of my life?<br/>",,"<br/>You didn't run, you didn't lie<br/>You knew I wanted just to hold you<br/>And had you gone, you knew in time<br/>We'd meet again, for I had told you<br/>Ooh, you were meant to be near me<br/>Ooh, and I want you to hear me<br/>Say we'll be together every day<br/>",,,,"<br/>What can I do, what can I be?<br/>When I'm with you I want to stay there<br/>If I'm true, I'll never leave<br/>And if I do, I know the way there<br/>Ooh, then I suddenly see you<br/>Ooh, did I tell you I need you<br/>Every single day of my life",,,,,,,,,,,,,,,,,,,,,,,,,,,,,,,,,,,,,,,,,,,,,,,,<br/>Got to get you into my life<br/>,,,,,,,,,,,,,,,,,,,,
60,,,Don’t Let Me Down,,,,,,,,,,,,,,,,,,,,,,,,,,,,,,,,,,,,,,,,,,,,,"<br/>Don't let me down, don't let me down<br/>Don't let me down, don't let me down<br/>","<br/>Don't let me down, don't let me down<br/>Don't let me down, don't let me down<br/>",,"<br/>Nobody ever loved me like she does<br/>Oh, she does<br/>Yeah, she does<br/>And if somebody loved me like she do me<br/>Oh, she do me<br/>Yes, she does<br/>",,,,,,,,,,,,,,,<br/>I'm in love for the first time<br/>Don't you know it's gonna last<br/>It's a love that lasts forever<br/>It's a love that has no past (Seeking past)<br/>,"<br/>Don't let me down, don't let me down<br/>Don't let me down, don't let me down",,,,,,,,,,,,,,,
61,,,Fixing a Hole,,,,,<br/>I'm fixing a hole where the rain gets in<br/>And stops my mind from wandering<br/>Where it will go<br/>,,<br/>I'm filling the cracks that ran through the door<br/>And kept my mind from wandering<br/>Where it will go<br/>,,"<br/>And it really doesn't matter if I'm wrong, I'm right<br/>Where I belong, I'm right<br/>Where I belong<br/>See the people standing there who disagree and never win<br/>And wonder why they don't get in my door<br/>",,"<br/>I'm painting the room in a colorful way<br/>And when my mind is wandering<br/>There I will go<br/>Ooh, ooh, ooh, ah, ah<br/>Hey, hey, hey, hey<br/>",,,,,,,,,,,,,,,,,,,,,,,,,,,,,,,,,,,,,,,,,,,,,,,,,,,,,,,,,,,,,,,,,,,,
62,,,For No One,,,,,"<br/>Your day breaks, your mind aches<br/>You find that all her words of kindness linger on<br/>When she no longer needs you<br/>",,"<br/>She wakes up, she makes up<br/>She takes her time and doesn't feel she has to hurry<br/>She no longer needs you<br/>",,"<br/>And in her eyes, you see nothing<br/>No sign of love behind the tears<br/>Cried for no one<br/>A love that should have lasted years<br/>",,"<br/>You want her, you need her<br/>And yet you don't believe her when she says her love is dead<br/>You think she needs you<br/>",,,,,,<br/>And in her eyes you see nothing<br/>No sign of love behind the tears<br/>Cried for no one<br/>A love that should have lasted years,,,,,,,,,,,,,,,,,,,,,,,,,,,,,,,,,,,,,,,,,,,,,,,,,<br/>,,,,,,,,,,,,,
63,,,Free as a Bird,,,<br/>Whatever happened to<br/>The life that we once knew?<br/>Can we really live without each other?<br/>Where did we lose the touch<br/>That seemed to mean so much?<br/>It always made me feel so<br/>,,,,,,,,,,,,,,,,,,,,,,,,,,,,,,,,,,,,,,,,,,,,,,,,,,,,,,,,,,,,,,,,"<br/>Free as a bird<br/>It's the next best thing to be<br/>Free as a bird<br/>Home, home and dry<br/>Like a homing bird I'll fly<br/>As a bird on wings<br/>","<br/>Free as a bird<br/>It's the next best thing to be<br/>Free as a bird<br/>Home, home and dry<br/>Like a homing bird I'll fly<br/>As a bird on wings<br/>",<br/>Whatever happened to<br/>The life that we once knew?<br/>Always made me feel so free,,,,,,,,,,
64,,,Getting Better,,,,,,,,,,,,,,,,,,,,,,,,,,,,,,,,,,,,,,,,,,,,,,,,,,,,,,,,,,,,,,,,,,,,,,<br/>It's getting better all the time<br/>,"<br/>I used to get mad at my school (No, I can't complain)<br/>The teachers who taught me weren't cool (No, I can't complain)<br/>You're holding me down (Ah-ah), turning me 'round (Ah-oh)<br/>Filling me up with your rules (Fool, you fool)<br/>",<br/>I've got to admit it's getting better (Better)<br/>A little better all the time (It can't get no worse)<br/>I have to admit it's getting better (Better)<br/>It's getting better since you've been mine<br/>,"<br/>Me used to be angry young man<br/>Me hiding me head in the sand<br/>You gave me the word, I finally heard<br/>I'm doing the best that I can<br/>",<br/>I've got to admit it's getting better (Better)<br/>A little better all the time (It can't get no worse)<br/>I have to admit it's getting better (Better)<br/>It's getting better since you've been mine<br/>Getting so much better all the time!,,,,,
65,,,Golden Slumbers,,,,,"<br/>Once there was a way to get back homeward<br/>Once there was a way to get back home<br/>Sleep pretty darling, do not cry<br/>And I will sing a lullaby<br/>","<br/>Golden slumbers fill your eyes<br/>Smiles await you when you rise<br/>Sleep pretty darling, do not cry<br/>And I will sing a lullaby<br/>","<br/>Once there was a way to get back homeward<br/>Once there was a way to get back home<br/>Sleep pretty darling, do not cry<br/>",,,,,,,,,,,,,<br/>And I will sing a lullaby,,,,,,,,,,,,,,,,,,,,,,,,,,,,,,,,,,,,,,,,,,,,,,,,,,,,,,,,,,,
66,,,Eleanor Rigby,,,,,,,,,,,,,,,,,,,,,,,,,,,,,,,,,,,,,,,,,,,,,,,,,,,,,<br/>Eleanor Rigby<br/>Picks up the rice in the church where a wedding has been<br/>Lives in a dream<br/>Waits at the window<br/>Wearing the face that she keeps in a jar by the door<br/>Who is it for?<br/>,<br/>All the lonely people<br/>Where do they all come from?<br/>All the lonely people<br/>Where do they all belong?<br/>,,,,,,,,,,,,,,,,,,,<br/>Father McKenzie<br/>Writing the words of a sermon that no one will hear<br/>No one comes near<br/>Look at him working<br/>Darning his socks in the night when there's nobody there<br/>What does he care?,,"<br/>Ah, look at all the lonely people!<br/>Ah, look at all the lonely people!<br/>",,,,
67,,,For You Blue,,,,,"<br/>Because you're sweet and lovely, girl, I love you<br/>Because you're sweet and lovely, girl, it's true<br/>I love you more than ever, girl, I do<br/>",,"<br/>I want you in the morning, girl, I love you<br/>I want you at the moment I feel blue<br/>I'm living every moment, girl, for you<br/>(Bop, bop cat bop)<br/>(Go, Johnny, go)<br/>(Them ol' 12-bar blues)<br/>(Elmore James got nothing on this, baby)<br/>",,,,<br/>I've loved you from the moment I saw you<br/>You looked at me and that's all you had to do<br/>I feel it now I hope you feel it too,,,<br/>(Queen says no to pot-smoking FBI members)<br/>,,,,,,,,,,,,,,,,,,,,,,,,,,,,,,,,,,,,,,,,,,,,,,,,,,,,,,,,,,,,,,,,,
68,,,Glad All Over,,,,,"<br/>I have no doubt about it<br/>This must be love<br/>One little kiss from you<br/>And I feel glad all over<br/>Ooh baby, hot dang gilly<br/>It's silly<br/>But I'm glad all over<br/>",,"<br/>Yeah the goose pimples baby<br/>Because I feel so good<br/>When you call me like you do<br/>And I feel glad all over<br/>Ooh mercy, I'm rock gone puppy<br/>And I'm happy<br/>And I'm glad all over<br/>",,,,"<br/>Your touch sewed me<br/>Like an electric wire<br/>Never thought of make love<br/>It don't take much looking<br/>To see what I've got<br/>But it shows, yes it shows<br/>Come on honey Bonnie<br/>Give me one more time<br/>Every time you do<br/>Well I feel glad all over<br/>Ooh baby, hot dang gilly<br/>It's silly<br/>But I'm glad all over<br/>Yeah!",,,,,,,,,,,,,,,,,,,,,,,,,,,,,,,,,,,,,,,,,,,,,,,,,,,,,,,,,,,,,,,,,,,,
69,,,Happiness is a Warm Gun,,<br/>(<br/>...down<br/>)<br/>I need a fix 'cause I'm going down<br/>Down to the bits that I left uptown<br/>I need a fix 'cause I'm going down<br/>,,,,,,,,,,,,,,,,,,,,,,,,,,,,,,,,,,,,,,,,,,,,,,,,,,,,,,,,,,,,,,,,,,,,,,,,,,"<br/>She's not a girl who misses much<br/>Do do do do do do, oh yeah<br/>She's well-acquainted with the touch of the velvet hand<br/>Like a lizard on a window pane<br/>The man in the crowd with the multicoloured mirrors<br/>On his hobnail boots<br/>Lying with his eyes while his hands are busy<br/>Working overtime<br/>A soap impression of his wife which he ate<br/>And donated to the National Trust<br/>",<br/>Mother Superior jumped the gun<br/>Mother Superior jumped the gun<br/>Mother Superior jumped the gun<br/>Mother Superior jumped the gun<br/>Mother Superior jumped the gun<br/>Mother Superior jumped the gun,,
70,,,Hello Little Girl,,,,,"<br/>When I see you everyday<br/>I say, ""Mm mm hello little girl""<br/>When you're passing on your way<br/>I say, ""Mm mm hello little girl""<br/>When I see you passing by<br/>I cry, ""Mm mm hello little girl""<br/>When I try to catch your eye<br/>I cry, ""Mm mm hello little girl""<br/>",,"<br/>I send you flowers but you don't care<br/>You never seem to see me standing there<br/>I often wonder what you're thinking of<br/>I hope it's me and love love love<br/>So I hope there'll come a day<br/>When you'll say, ""Mm you're my little girl""<br/>",,,,<br/>It's not the first time that it's happened to me<br/>It's been a long lonely time<br/>And it's funny funny to see that I'm about to lose my mind mind mind,,,<br/>Hello little girl<br/>Hello little girl<br/>Hello little girl<br/>,,,,,,,,,,,,,,,,,,,,,,,,,,,,,,,,,,,,,,,,,,,,,,,,,,,,,,,,,,,,,,,,,
71,,,Everybody’s Trying to Be My Baby,,,,,<br/>Well they took some honey from a tree<br/>Dressed it up and they called it me<br/>,"<br/>Everybody's trying to be my baby<br/>Everybody's trying to be my baby<br/>Everybody's trying to be my baby, now<br/>","<br/>Woke up last night, half past four<br/>Fifty women knocking on my door<br/>","<br/>Everybody's trying to be my baby<br/>Everybody's trying to be my baby<br/>Everybody's trying to be my baby, now<br/>",,,"<br/>Went out last night, I didn't stay late<br/>Before I got home I had nineteen dates<br/>","<br/>Everybody's trying to be my baby<br/>Everybody's trying to be my baby<br/>Everybody's trying to be my baby, now",,,,,,,,,,,,,,,,,,,,,,,,,,,,,,,,,,,,,,,,,,,,,,,,,,,,,,,,,,,,,,,,,,,
72,,,From Us to You (Live at the BBC / Opening Theme from “From Us to You” / 1964),,,,,,,,,,,,,,<br/>Da da da da da dum dum dum<br/>Da da da da da dum dum dum<br/>Da da da da da dum dum dum<br/>,,,,,,,<br/>If there's anything that you want<br/>If there's anything we can do<br/>Just call on us and we'll send it along<br/>With love from us to you<br/>To you<br/>To you<br/>To you,,,,,,,,,,,,,,,,,,,,,,,,,,,,,,,,,,,,,,,,,,,,,,,,,,,,,,,,,,
73,,,Goodbye (Home Demo),,,,,"<br/>Please don't wake me up too late<br/>Tomorrow comes, and I will not be late<br/>Late today when it becomes tomorrow<br/>I will leave and go away<br/>","<br/>Goodbye, goodbye<br/>Goodbye, goodbye<br/>Goodbye, goodbye<br/>My love, goodbye<br/>",<br/>Songs that linger on my lips<br/>Excite me now and linger on my mind<br/>Leave your flowers at my door<br/>I leave them for the one who waits behind<br/>,"<br/>Goodbye, goodbye<br/>Goodbye, goodbye<br/>Goodbye, goodbye<br/>My love, goodbye<br/>",,,,,,,,,,,,,,,,,,,,,,,,,,,,,,,,,,,,,,,,,,,,,,,,,,,,,,,,,,,,,,,,,,,,,,,
74,,,Helter Skelter,,,,,"<br/>Well, do you, don't you want me to love you?<br/>I'm coming down fast, but I'm miles above you<br/>Tell me, tell me, tell me, come on, tell me the answer!<br/>Well, you may be a lover, but you ain't no dancer<br/>","<br/>Now, Helter skelter<br/>Helter skelter<br/>Helter skelter<br/>Yeah<br/>Woo!<br/>","<br/>Oh, will you, won't you want me to make you?<br/>I'm coming down fast, but don't let me break you<br/>Tell me, tell me, tell me the answer!<br/>You may be a lover, but you ain't no dancer<br/>",<br/>Look out!<br/>Helter skelter<br/>Helter skelter<br/>Helter skelter<br/>Ooh!,,,,,,"<br/>When I get to the bottom, I go back to the top of the slide<br/>Where I stop, and I turn, and I go for a ride<br/>'Til I get to the bottom, and I see you again!<br/>Yeah, yeah, yeah!<br/>",,,,,,,,,,,,,,,,,,,,,,,,,,,,,,,,,,,,,,,,,,,,,,,,,,,,,,,,,,,,,,,,,
75,,,Here Comes the Sun,,,,,"<br/>Little darling, it's been a long cold lonely winter<br/>Little darling, it feels like years since it's been here<br/>","<br/>Here comes the sun, doo da doo doo<br/>Here comes the sun, and I say<br/>It's all right<br/>","<br/>Little darling, the smile's returning to the faces<br/>Little darling, it seems like years since it's been here<br/>","<br/>Here comes the sun, doo da doo doo<br/>Here comes the sun, and I say<br/>It's all right<br/>","<br/>Sun, sun, sun, here it comes<br/>Sun, sun, sun, here it comes<br/>Sun, sun, sun, here it comes<br/>Sun, sun, sun, here it comes<br/>Sun, sun, sun, here it comes",,,"<br/>Here comes the sun<br/>Here comes the sun, and I say<br/>It's all right<br/>",,,,,,,,,,,,,,,,,,,,,,,,,,,,,,,,,,,,,,,,,,,,,,,,,,,,,,,,,,,,,,,,,,,
76,,,Her Majesty,,,,,,,,,,,,,,,,,,,,,"<br/>Her Majesty's a pretty nice girl<br/>But she doesn't have a lot to say<br/>Her Majesty's a pretty nice girl<br/>But she changes from day to day<br/>I want to tell her that I love her a lot<br/>But I gotta get a bellyful of wine<br/>Her Majesty's a pretty nice girl<br/>Someday I'm going to make her mine, oh yeah<br/>Someday I'm going to make her mine",,,,,,,,,,,,,,,,,,,,,,,,,,,,,,,,,,,,,,,,,,,,,,,,,,,,,,,,,,
77,,,Hippy Hippy Shake,,,,,<br/>For goodness sake<br/>I got the hippy hippy shake<br/>I've got to shake<br/>Who the hippy hippy shake<br/>,<br/>Well now you shake it to the left<br/>Shake it to the right<br/>Do the hippy shake shake<br/>With all of you might<br/>,<br/>Who I can't keep still<br/>With the hippy hippy shake<br/>I get my fill<br/>With the hippy hippy shake<br/>Ooh my baby<br/>Oh the hippy hippy shake<br/>,,,,<br/>Then you shake<br/>Who yes you shake<br/>Ooh my baby<br/>Ow the hippy hippy shake<br/>Aah! Ow!,,,,,,,,,,,,,,,,,,,,,,,,,,,,,,,,,,,,,,,,,,,,,,,,,,,,,,,,,,,,,,,,,,,,
78,,,Hey Bulldog,,,,,,,,,,,,,,,,,,,,,,,,,,,,,,,,,,,,,,,,,,,,,,,,<br/>Sheepdog<br/>Standing in the rain<br/>Bullfrog<br/>Doing it again<br/>Some kind of happiness is measured out in miles<br/>What makes you think you're something special when you smile?<br/>,<br/>Child-like<br/>No one understands<br/>Jack knife<br/>In your sweaty hands<br/>Some kind of innocence is measured out in years<br/>You don't know what it's like to listen to your fears<br/>,,,,,,,,,,,,,,,,,,<br/>You can talk to me<br/>You can talk to me<br/>You can talk to me<br/>If you're lonely you can talk to me<br/>,,,,,,,,,,,,<br/>Big man <br/>(<br/>Yeah<br/>)<br/>Walking in the park<br/>Wigwam<br/>Frightened of the dark<br/>Some kind of solitude is measured out in you<br/>You think you know me but you haven't got a clue
